ASB;Aulario Simón Bolívar;2.06.00.0040;Aula 2-01 (AULARIO SIMÓN BOLÍVAR) (Pupitres de cinco) pb;Aula de Docencia;Aula 2-01 (AULARIO SIMÓN BOLÍVAR) (Pupitres de cinco) pb;;;;
ASB;Aulario Simón Bolívar;2.06.00.0120;Aula 2-03 (AULARIO SIMÓN BOLÍVAR) (Pupitres de dos) pb;Aula de Docencia;Aula 2-03 (AULARIO SIMÓN BOLÍVAR) (Pupitres de dos) pb;;;;
ASB;Aulario Simón Bolívar;2.10.01.0160;Aula 3-01 (AULARIO SIMÓN BOLÍVAR)  (Pupitres de dos);Aula de Docencia;Aula 3-01 (AULARIO SIMÓN BOLÍVAR)  (Pupitres de dos);;;;
ASB;Aulario Simón Bolívar;2.10.01.0180;Aula 3-03 (AULARIO SIMÓN BOLÍVAR) (Pupitres de dos);Aula de Docencia;Aula 3-03 (AULARIO SIMÓN BOLÍVAR) (Pupitres de dos);;;;
ASB;Aulario Simón Bolívar;2.10.02.0050;Aula 3-04 (AULARIO SIMÓN BOLÍVAR) (Pupitres de dos);Aula de Docencia;Aula 3-04 (AULARIO SIMÓN BOLÍVAR) (Pupitres de dos);;;;
ASB;Aulario Simón Bolívar;2.10.02.0090;Aula 3-07 (AULARIO SIMÓN BOLÍVAR) (Pupitres de dos);Aula de Docencia;Aula 3-07 (AULARIO SIMÓN BOLÍVAR) (Pupitres de dos);;;;
ASB;Aulario Simón Bolívar;2.06.00.0070;AULA MAGNA 2-M (requiere VB Vic. Infraestructuras en los casos indicados en reglamento cesión espacios);Aula de Docencia;AULA MAGNA 2-M (requiere VB Vic. Infraestructuras en los casos indicados en reglamento cesión espacios);;;;
ASB;Aulario Simón Bolívar;2.06.00.0030;Aula 2.02 INFORMÁTICA (AULARIO SIMÓN BOLÍVAR);Aula Informatica;Aula 2.02 INFORMÁTICA (AULARIO SIMÓN BOLÍVAR);;;;
ASB;Aulario Simón Bolívar;2.10.00.0070;AULA MAGNA 3-M (requiere VB Vic. Infraestructuras en los casos indicados en reglamento cesión espacios);Salón de Actos;AULA MAGNA 3-M (requiere VB Vic. Infraestructuras en los casos indicados en reglamento cesión espacios);;;;
ARS;Aularios Río San Pedro;4.06.00.0190;AULA 01-AULARIO NORTE;Aula de Docencia;AULA 01-AULARIO NORTE;;;;
ARS;Aularios Río San Pedro;4.06.00.0200;AULA 02-AULARIO NORTE;Aula de Docencia;AULA 02-AULARIO NORTE;;;;
ARS;Aularios Río San Pedro;4.06.00.0220;AULA 03-AULARIO NORTE;Aula de Docencia;AULA 03-AULARIO NORTE;;;;
ARS;Aularios Río San Pedro;4.06.01.0030;AULA 04-AULARIO NORTE;Aula de Docencia;AULA 04-AULARIO NORTE;;;;
ARS;Aularios Río San Pedro;4.06.00.0240;AULA 05-AULARIO NORTE;Aula de Docencia;AULA 05-AULARIO NORTE;;;;
ARS;Aularios Río San Pedro;4.06.00.0260;AULA 06-AULARIO NORTE;Aula de Docencia;AULA 06-AULARIO NORTE;;;;
ARS;Aularios Río San Pedro;4.06.00.0270;AULA 07-AULARIO NORTE;Aula de Docencia;AULA 07-AULARIO NORTE;;;;
ARS;Aularios Río San Pedro;4.06.01.0180;AULA 08-AULARIO NORTE;Aula de Docencia;AULA 08-AULARIO NORTE;;;;
ARS;Aularios Río San Pedro;4.06.01.0170;AULA 09-AULARIO NORTE.Mobiliario No fijo;Aula de Docencia;AULA 09-AULARIO NORTE.Mobiliario No fijo;;;;
ARS;Aularios Río San Pedro;4.06.01.0140;AULA 10-AULARIO NORTE. Mobiliario No fijo;Aula de Docencia;AULA 10-AULARIO NORTE. Mobiliario No fijo;;;;
ARS;Aularios Río San Pedro;4.06.01.0130;AULA 11-AULARIO NORTE;Aula de Docencia;AULA 11-AULARIO NORTE;;;;
ARS;Aularios Río San Pedro;4.06.00.0070;AULA 13-AULARIO SUR;Aula de Docencia;AULA 13-AULARIO SUR;;;;
ARS;Aularios Río San Pedro;4.06.00.0080;AULA 14-AULARIO SUR;Aula de Docencia;AULA 14-AULARIO SUR;;;;
ARS;Aularios Río San Pedro;4.06.00.0090;AULA 15-AULARIO SUR;Aula de Docencia;AULA 15-AULARIO SUR;;;;
ARS;Aularios Río San Pedro;4.06.00.0100;AULA 16-AULARIO SUR;Aula de Docencia;AULA 16-AULARIO SUR;;;;
ARS;Aularios Río San Pedro;4.06.01.0100;AULA 17-AULARIO SUR. Mobiliario No fijo;Aula de Docencia;AULA 17-AULARIO SUR. Mobiliario No fijo;;;;
ARS;Aularios Río San Pedro;4.06.01.0090;AULA 18-AULARIO SUR. Mobiliario No fijo;Aula de Docencia;AULA 18-AULARIO SUR. Mobiliario No fijo;;;;
ARS;Aularios Río San Pedro;10000151;AULA SALA TUTORIAS/SALA PROFESORES I -AULARIO SUR;Aula de Docencia;AULA SALA TUTORIAS/SALA PROFESORES I -AULARIO SUR;;;;
ARS;Aularios Río San Pedro;4.06.01.0010;AULA INFORMATICA I-AULARIO SUR;Aula Informatica;AULA INFORMATICA I-AULARIO SUR;;;;
ARS;Aularios Río San Pedro;4.06.01.0020;AULA INFORMATICA II-AULARIO SUR;Aula Informatica;AULA INFORMATICA II-AULARIO SUR;;;;
ARS;Aularios Río San Pedro;10000031;EQUIPO HI-FI;Medios Audiovisuales;EQUIPO HI-FI;;;;
ARS;Aularios Río San Pedro;10000032;MEGAFONIA PORTATIL;Medios Audiovisuales;MEGAFONIA PORTATIL;;;;
ARS;Aularios Río San Pedro;10000033;PROYECTOR DIAPOSITIVAS;Medios Audiovisuales;PROYECTOR DIAPOSITIVAS;;;;
ARS;Aularios Río San Pedro;10000029;TELEVISION 1 + VIDEO 1;Medios Audiovisuales;TELEVISION 1 + VIDEO 1;;;;
ARS;Aularios Río San Pedro;10000030;TELEVISION 2 + VIDEO 2;Medios Audiovisuales;TELEVISION 2 + VIDEO 2;;;;
ARS;Aularios Río San Pedro;10000026;SALA DE PROFESORES II-AULARIO NORTE;Sala Multiuso;SALA DE PROFESORES II-AULARIO NORTE;;;;
BAL;Biblioteca Campus Bahía de Algeciras - Enfermería;1.01.00.0080;Espacio de Aprendizaje;Espacio de Aprendizaje;Espacio de Aprendizaje;;;;
BAL;Biblioteca Campus Bahía de Algeciras - Enfermería;10001077;Sala 01;Sala de Trabajo;Sala 01;;;;
BAL;Biblioteca Campus Bahía de Algeciras - Enfermería;10001078;Sala 02;Sala de Trabajo;Sala 02;;;;
BAL;Biblioteca Campus Bahía de Algeciras - Enfermería;10001079;Sala 03;Sala de Trabajo;Sala 03;;;;
BAL;Biblioteca Campus Bahía de Algeciras - Enfermería;10001080;Sala 04;Sala de Trabajo;Sala 04;;;;
BPT;Biblioteca Campus Bahía de Algeciras - EPSA;10001032;Sala 01 (6 plazas);Sala de Trabajo;Sala 01 (6 plazas);;;;
BPT;Biblioteca Campus Bahía de Algeciras - EPSA;10001033;Sala 02 (10 plazas);Sala de Trabajo;Sala 02 (10 plazas);;;;
BPT;Biblioteca Campus Bahía de Algeciras - EPSA;10001034;Sala 03 (10 plazas);Sala de Trabajo;Sala 03 (10 plazas);;;;
BPT;Biblioteca Campus Bahía de Algeciras - EPSA;10001035;Sala 04 (6 plazas);Sala de Trabajo;Sala 04 (6 plazas);;;;
BJE;Biblioteca Campus de Jerez;3.09.00.0060;Espacio de aprendizaje;Espacio de Aprendizaje;Espacio de aprendizaje;;;;
BJE;Biblioteca Campus de Jerez;3.09.02.0070;Sala 01 (Grupo);Sala de Trabajo;Sala 01 (Grupo);;;;
BJE;Biblioteca Campus de Jerez;3.09.02.0080;Sala 02 (Grupo);Sala de Trabajo;Sala 02 (Grupo);;;;
BJE;Biblioteca Campus de Jerez;3.09.02.0090;Sala 03 (Individual);Sala de Trabajo;Sala 03 (Individual);;;;
BJE;Biblioteca Campus de Jerez;3.09.02.0111;Sala 04 (Individual);Sala de Trabajo;Sala 04 (Individual);;;;
BJE;Biblioteca Campus de Jerez;3.09.02.0112;Sala 05 (Individual);Sala de Trabajo;Sala 05 (Individual);;;;
BJE;Biblioteca Campus de Jerez;3.09.02.0100;Sala 06 (Individual);Sala de Trabajo;Sala 06 (Individual);;;;
BJE;Biblioteca Campus de Jerez;3.09.02.0110;Sala 07 (Grupo);Sala de Trabajo;Sala 07 (Grupo);;;;
BJE;Biblioteca Campus de Jerez;3.09.02.0120;Sala 08 (Individual);Sala de Trabajo;Sala 08 (Individual);;;;
BJE;Biblioteca Campus de Jerez;10000740;Sala 09 (Individual);Sala de Trabajo;Sala 09 (Individual);;;;
BJE;Biblioteca Campus de Jerez;10000741;Sala 10 (Individual);Sala de Trabajo;Sala 10 (Individual);;;;
BJE;Biblioteca Campus de Jerez;10000742;Sala 11 (Sala individual);Sala de Trabajo;Sala 11 (Sala individual);;;;
BJE;Biblioteca Campus de Jerez;10000743;Sala 12 (Individual);Sala de Trabajo;Sala 12 (Individual);;;;
BJE;Biblioteca Campus de Jerez;3.09.02.0190;Sala 13 (Grupo) ;Sala de Trabajo;Sala 13 (Grupo) ;;;;
BJE;Biblioteca Campus de Jerez;3.09.02.0200;Sala 14 (Grupo);Sala de Trabajo;Sala 14 (Grupo);;;;
BJE;Biblioteca Campus de Jerez;10000744;Sala 15 (Individual);Sala de Trabajo;Sala 15 (Individual);;;;
BJE;Biblioteca Campus de Jerez;10000745;Sala 16 (Individual);Sala de Trabajo;Sala 16 (Individual);;;;
BJE;Biblioteca Campus de Jerez;10000746;Sala 17 (Individual);Sala de Trabajo;Sala 17 (Individual);;;;
BPR;Biblioteca Campus de Puerto Real;4.07.02.0100;Aula de Formación;Aula de Formación;Aula de Formación;;;;
BPR;Biblioteca Campus de Puerto Real;4.07.00.0000;Sala de trabajo 09;Sala de Trabajo;Sala de trabajo 01;;;;
BCS;Biblioteca de Ciencias de la Salud;2.11.01.0000;Sala de trabajo 05;Sala de Trabajo;Sala de trabajo 01;;;;
BSJ;Biblioteca de Ciencias Sociales y Jurídicas;2.04.00.0000;Aula Formación ;Aula de Formación;Aula Formación ;;;;
BSJ;Biblioteca de Ciencias Sociales y Jurídicas;2.04.99.0120;Sala de trabajo 09;Sala de Trabajo;Sala de trabajo 01;;;;
BHU;Biblioteca de Humanidades;2.03.00.0470;Sala 06;Aula de Formación;Aula de Formación;;;;
BES;Biblioteca de Ingeniería - Campus de Puerto Real;10001012;Espacio de Aprendizaje;Espacio de Aprendizaje;Espacio de Aprendizaje;;;;
BES;Biblioteca de Ingeniería - Campus de Puerto Real;10001013;Sala de trabajo 1;Sala de Trabajo;Sala de trabajo 1;;;;
BES;Biblioteca de Ingeniería - Campus de Puerto Real;10001014;Sala de trabajo 2;Sala de Trabajo;Sala de trabajo 2;;;;
BES;Biblioteca de Ingeniería - Campus de Puerto Real;10001015;Sala de trabajo 3;Sala de Trabajo;Sala de trabajo 3;;;;
BCT;Biblioteca - Servicio Central;10001031;Aula de Formación y Videoconferencia;Aula de Formación;Aula de Formación y Videoconferencia;;;;
BCT;Biblioteca - Servicio Central;10001050;Sala de los Libros (espacio para actividades culturales y actos institucionales);Salón de Actos;Sala de los Libros (espacio para actividades culturales y actos institucionales);;;;
AUJ;Campus de Jerez - Edificio de Aularios;3.06.00.0090;0.01;Aula de Docencia;0.01;;;;
AUJ;Campus de Jerez - Edificio de Aularios;3.06.00.0120;0.02;Aula de Docencia;0.02;;;;
AUJ;Campus de Jerez - Edificio de Aularios;3.06.00.0130;0.03;Aula de Docencia;0.03;;;;
AUJ;Campus de Jerez - Edificio de Aularios;3.06.00.0140;0.04;Aula de Docencia;0.04;;;;
AUJ;Campus de Jerez - Edificio de Aularios;3.06.00.0150;0.05;Aula de Docencia;0.05;;;;
AUJ;Campus de Jerez - Edificio de Aularios;10000646;0.07 A;Aula de Docencia;0.07 A;;;;
AUJ;Campus de Jerez - Edificio de Aularios;10000647;0.07 B;Aula de Docencia;0.07 B;;;;
AUJ;Campus de Jerez - Edificio de Aularios;3.06.00.0230;0.08;Aula de Docencia;0.08;;;;
AUJ;Campus de Jerez - Edificio de Aularios;3.06.00.0240;0.09;Aula de Docencia;0.09;;;;
AUJ;Campus de Jerez - Edificio de Aularios;3.06.00.0250;0.10;Aula de Docencia;0.10;;;;
AUJ;Campus de Jerez - Edificio de Aularios;3.06.00.0270;0.12;Aula de Docencia;0.12;;;;
AUJ;Campus de Jerez - Edificio de Aularios;3.06.01.0110;1.15;Aula de Docencia;1.15;;;;
AUJ;Campus de Jerez - Edificio de Aularios;3.06.01.0120;1.16;Aula de Docencia;1.16;;;;
AUJ;Campus de Jerez - Edificio de Aularios;3.06.01.0130;1.17;Aula de Docencia;1.17;;;;
AUJ;Campus de Jerez - Edificio de Aularios;3.06.01.0150;1.19;Aula de Docencia;1.19;;;;
AUJ;Campus de Jerez - Edificio de Aularios;10000625;1.20 A;Aula de Docencia;1.20 A;;;;
AUJ;Campus de Jerez - Edificio de Aularios;10000626;1.20 B;Aula de Docencia;1.20 B;;;;
AUJ;Campus de Jerez - Edificio de Aularios;3.06.01.0210;1.21;Aula de Docencia;1.21;;;;
AUJ;Campus de Jerez - Edificio de Aularios;3.06.01.0220;1.22;Aula de Docencia;1.22;;;;
AUJ;Campus de Jerez - Edificio de Aularios;3.06.01.0230;1.23;Aula de Docencia;1.23;;;;
AUJ;Campus de Jerez - Edificio de Aularios;3.06.01.0240;1.24;Aula de Docencia;1.24;;;;
AUJ;Campus de Jerez - Edificio de Aularios;10000633;1.27;Aula de Docencia;1.27;;;;
AUJ;Campus de Jerez - Edificio de Aularios;3.06.02.0050;Laboratorio de Idiomas 1;Aula de Docencia;Laboratorio de Idiomas 1;;;;
AUJ;Campus de Jerez - Edificio de Aularios;3.06.02.0080;Laboratorio de Idiomas 2;Aula de Docencia;Laboratorio de Idiomas 2;;;;
AUJ;Campus de Jerez - Edificio de Aularios;3.06.02.0090;2.01;Aula Informatica;2.01;;;;
AUJ;Campus de Jerez - Edificio de Aularios;3.06.02.0100;2.02;Aula Informatica;2.02;;;;
AUJ;Campus de Jerez - Edificio de Aularios;3.06.02.0110;2.03;Aula Informatica;2.03;;;;
AUJ;Campus de Jerez - Edificio de Aularios;3.06.02.0120;2.04;Aula Informatica;2.04;;;;
AUJ;Campus de Jerez - Edificio de Aularios;3.06.02.0130;2.05;Aula Informatica;2.05;;;;
AUJ;Campus de Jerez - Edificio de Aularios;3.06.00.0000;Hall Aulario;Patio/Hall;Hall Aulario;;;;
DSJ;Campus de Jerez - Edificio de Despachos y Seminarios;2.05.01.0740;Sala de Juntas - 1ª Planta;Sala Multiuso;Sala de Juntas - 1ª Planta;;;;
DSJ;Campus de Jerez - Edificio de Despachos y Seminarios;2.05.02.0760;Sala de Juntas - 2ª Planta;Sala Multiuso;Sala de Juntas - 2ª Planta;;;;
DSJ;Campus de Jerez - Edificio de Despachos y Seminarios;3.08.00.0190;Sala de Reuniones - Planta Baja;Sala Multiuso;Sala de Reuniones - Planta Baja;;;;
DSJ;Campus de Jerez - Edificio de Despachos y Seminarios;3.08.01.0490;Salón de Actos (requiere VB Vic. Infraestructuras en los casos indicados en reglamento cesión espacios);Sala Multiuso;Salón de Actos (requiere VB Vic. Infraestructuras en los casos indicados en reglamento cesión espacios);;;;
DSJ;Campus de Jerez - Edificio de Despachos y Seminarios;3.08.01.0760;Seminario 1.760;Sala Multiuso;Seminario 1.760;;;;
DSJ;Campus de Jerez - Edificio de Despachos y Seminarios;3.08.01.0780;Seminario 1.780;Sala Multiuso;Seminario 1.780;;;;
DSJ;Campus de Jerez - Edificio de Despachos y Seminarios;3.08.02.0770;Seminario 2.770;Sala Multiuso;Seminario 2.770;;;;
DSJ;Campus de Jerez - Edificio de Despachos y Seminarios;3.08.02.0790;Seminario 2.790;Sala Multiuso;Seminario 2.790;;;;
MUJ;Campus de Jerez - Edificio Multiusos;3.10.00.0000;Patio Cubierto;Patio/Hall;Patio Cubierto;;;;
MUJ;Campus de Jerez - Edificio Multiusos;3.10.02.0300; 2.51;Sala Multiuso; 2.51;;;;
SCJ;Campus de Jerez - Servicios Comunes;3.07.01.0060;Salón de Grados (derecho) (requiere VB Vic. Infraestructuras en los casos indicados en reglamento cesión espacios);Sala Multiuso;Salón de Grados (derecho) (requiere VB Vic. Infraestructuras en los casos indicados en reglamento cesión espacios);;;;
SCJ;Campus de Jerez - Servicios Comunes;3.07.01.0050;Salón de Grados (izquierdo) (requiere VB Vic. Infraestructuras en los casos indicados en reglamento cesión espacios);Sala Multiuso;Salón de Grados (izquierdo) (requiere VB Vic. Infraestructuras en los casos indicados en reglamento cesión espacios);;;;
CAS;CASEM - Edificio Central;4.03.00.0090;AULA / A.00.01  PALA A PLANTA BAJA;Aula de Docencia;AULA / A.00.01  PALA A PLANTA BAJA;;;;
CAS;CASEM - Edificio Central;4.03.00.0080;AULA / A.00.02  PALA A PLANTA BAJA;Aula de Docencia;AULA / A.00.02  PALA A PLANTA BAJA;;;;
CAS;CASEM - Edificio Central;4.03.00.0070;AULA / A.00.03  PALA A PLANTA BAJA;Aula de Docencia;AULA / A.00.03  PALA A PLANTA BAJA;;;;
CAS;CASEM - Edificio Central;4.03.00.0040;AULA / A.00.04 PALA A PLANTA BAJA;Aula de Docencia;AULA / A.00.04 PALA A PLANTA BAJA;;;;
CAS;CASEM - Edificio Central;10000590;AULA / B.00.05 PALA B PLANTA BAJA   mesas/sillas fijas;Aula de Docencia;AULA / B.00.05 PALA B PLANTA BAJA   mesas/sillas fijas;;;;
CAS;CASEM - Edificio Central;10000081;AULA / B.00.06  PALA B PLANTA BAJA. Mesas/sillas fijas;Aula de Docencia;AULA / B.00.06  PALA B PLANTA BAJA. Mesas/sillas fijas;;;;
CAS;CASEM - Edificio Central;10000082;AULA / B.00.07  PALA B PLANTA BAJA. Mesas/sillas fijas;Aula de Docencia;AULA / B.00.07  PALA B PLANTA BAJA. Mesas/sillas fijas;;;;
CAS;CASEM - Edificio Central;4.03.01.0240;AULA / B.00.08 PALA B PLANTA BAJA;Aula de Docencia;AULA / B.00.08 PALA B PLANTA BAJA;;;;
CAS;CASEM - Edificio Central;4.03.00.0230;AULA / B.00.09 PALA B PLANTA BAJA;Aula de Docencia;AULA / B.00.09 PALA B PLANTA BAJA;;;;
CAS;CASEM - Edificio Central;10000080;AULA / B.00.10   PALA B PLANTA BAJA. Mesas/sillas fijas;Aula de Docencia;AULA / B.00.10   PALA B PLANTA BAJA. Mesas/sillas fijas;;;;
CAS;CASEM - Edificio Central;4.03.01.0450;AULA / B.01.15 PALA B 1ª PLANTA;Aula de Docencia;AULA / B.01.15 PALA B 1ª PLANTA;;;;
CAS;CASEM - Edificio Central;4.03.01.0440;AULA / B.01.16  PALA B 1ª PLANTA;Aula de Docencia;AULA / B.01.16  PALA B 1ª PLANTA;;;;
CAS;CASEM - Edificio Central;4.03.01.0430;AULA  / B.01.17  PALA B 1ª PLANTA;Aula de Docencia;AULA  / B.01.17  PALA B 1ª PLANTA;;;;
CAS;CASEM - Edificio Central;4.03.01.0420;AULA / B.01.18  PALA B 1ª PLANTA;Aula de Docencia;AULA / B.01.18  PALA B 1ª PLANTA;;;;
CAS;CASEM - Edificio Central;4.03.01.0410;AULA / B.01.19  PALA B 1ª PLANTA;Aula de Docencia;AULA / B.01.19  PALA B 1ª PLANTA;;;;
CAS;CASEM - Edificio Central;4.03.01.0390;AULA / B.01. 21  PALA B 1ª PLANTA;Aula de Docencia;AULA / B.01. 21  PALA B 1ª PLANTA;;;;
CAS;CASEM - Edificio Central;4.03.01.0360;AULA / B.01.22   PALA B 1ª PLANTA;Aula de Docencia;AULA / B.01.22   PALA B 1ª PLANTA;;;;
CAS;CASEM - Edificio Central;4.03.01.0350;AULA / B.01.23  PALA B 1ª PLANTA;Aula de Docencia;AULA / B.01.23  PALA B 1ª PLANTA;;;;
CAS;CASEM - Edificio Central;4.03.01.0340;AULA / B.01.24  PALA B 1ª PLANTA;Aula de Docencia;AULA / B.01.24  PALA B 1ª PLANTA;;;;
CAS;CASEM - Edificio Central;4.03.01.0310;AULA / B.01.25  PALA B 1ª PLANTA;Aula de Docencia;AULA / B.01.25  PALA B 1ª PLANTA;;;;
CAS;CASEM - Edificio Central;4.03.01.0300;AULA / B.01.26  PALA B 1ª PLANTA;Aula de Docencia;AULA / B.01.26  PALA B 1ª PLANTA;;;;
CAS;CASEM - Edificio Central;4.03.01.0290;AULA / B.01.27  PALA B 1ª PLANTA;Aula de Docencia;AULA / B.01.27  PALA B 1ª PLANTA;;;;
CAS;CASEM - Edificio Central;4.03.01.0280;AULA / B.01.28  PALA B 1ª PLANTA;Aula de Docencia;AULA / B.01.28  PALA B 1ª PLANTA;;;;
CAS;CASEM - Edificio Central;4.03.01.0700;AULA / N.01.11 NÚCLEO 1ª PLANTA;Aula de Docencia;AULA / N.01.11 NÚCLEO 1ª PLANTA;;;;
CAS;CASEM - Edificio Central;4.03.01.0270;AULA / N.01.12 NÚCLEO 1ª PLANTA;Aula de Docencia;AULA / N.01.12 NÚCLEO 1ª PLANTA;;;;
CAS;CASEM - Edificio Central;4.03.01.0460;AULA / N.01.14  NÚCLEO 1ª PLANTA;Aula de Docencia;AULA / N.01.14  NÚCLEO 1ª PLANTA;;;;
CAS;CASEM - Edificio Central;4.03.01.0150;AUL.INF. / A.01.05  PALA A 1ª PLANTA;Aula Informatica;AUL.INF. / A.01.05  PALA A 1ª PLANTA;;;;
CAS;CASEM - Edificio Central;4.03.01.0160;AUL.INF. / A.01.06  PALA A 1ª PLANTA;Aula Informatica;AUL.INF. / A.01.06  PALA A 1ª PLANTA;;;;
CAS;CASEM - Edificio Central;4.03.00.0170;AUL.INF./ B.00.01  PALA B PLANTA BAJA ;Aula Informatica;AUL.INF./ B.00.01  PALA B PLANTA BAJA ;;;;
CAS;CASEM - Edificio Central;4.03.00.0180;AUL.INF. / B.00.02  PALA B PLANTA BAJA ;Aula Informatica;AUL.INF. / B.00.02  PALA B PLANTA BAJA ;;;;
CAS;CASEM - Edificio Central;4.03.00.0190;AUL.INF. / B.00.03  PALA B PLANTA BAJA ;Aula Informatica;AUL.INF. / B.00.03  PALA B PLANTA BAJA ;;;;
CAS;CASEM - Edificio Central;10000587;AUL.INF. / B.00.04  PALA B PLANTA BAJA ;Aula Informatica;AUL.INF. / B.00.04  PALA B PLANTA BAJA ;;;;
CAS;CASEM - Edificio Central;10000150;VIDEOPROYECTOR CONSERJERIA;Medios Audiovisuales;VIDEOPROYECTOR CONSERJERIA;;;;
CAS;CASEM - Edificio Central;10001023;HALL CASEM (requiere VB Vic. Infraestructuras en los casos indicados en reglamento cesión espacios);Patio/Hall;HALL CASEM (requiere VB Vic. Infraestructuras en los casos indicados en reglamento cesión espacios);;;;
CAS;CASEM - Edificio Central;10001018;PATIO EXTERIOR CASEM (requiere VB Vic. Infraestructuras en los casos indicados en reglamento cesión espacios);Patio/Hall;PATIO EXTERIOR CASEM (requiere VB Vic. Infraestructuras en los casos indicados en reglamento cesión espacios);;;;
CAS;CASEM - Edificio Central;4.03.02.0530;SALA DE GRADOS NÚCLEO 2ª PLANTA;Sala Multiuso;SALA DE GRADOS NÚCLEO 2ª PLANTA;;;;
CAS;CASEM - Edificio Central;4.03.02.0510;SALA DE JUNTAS 1 NÚCLEO 2ª PLANTA;Sala Multiuso;SALA DE JUNTAS 1 NÚCLEO 2ª PLANTA;;;;
CAS;CASEM - Edificio Central;10000129;SALA DE JUNTAS 2 NÚCLEO 2ª PLANTA. Videoconferencia NO OPERATIVA;Sala Multiuso;SALA DE JUNTAS 2 NÚCLEO 2ª PLANTA. Videoconferencia NO OPERATIVA;;;;
CIT;CITI;4.09.01.0110;Sala de Reuniones 2;Sala Multiuso;Sala de Reuniones 2;;;;
CIT;CITI;4.09.01.0070;Sala de Reuniones 3;Sala Multiuso;Sala de Reuniones 3;;;;
ALG;Delegación del Rector para el campus de Algeciras;10000553;Videoproyector ;Medios Audiovisuales;Videoproyector ;;;;
ALG;Delegación del Rector para el campus de Algeciras;10000533;Sala de Reuniones;Sala Multiuso;Sala de Reuniones;;;;
BOM;EDIFICIO CONSTITUCIÓN 1812 (Antiguo Cuartel de La Bomba);2.13.00.0110;Aula 2, (Pta. baja, 90 plazas, mesas y sillas palas removibles);Aula de Docencia;Aula 2, (Pta. baja, 90 plazas, mesas y sillas palas removibles);;;;
BOM;EDIFICIO CONSTITUCIÓN 1812 (Antiguo Cuartel de La Bomba);2.13.02.0080;Aula 8, (Pta. 2ª, gradas, 90 plazas, pupitres fijos);Aula de Docencia;Aula 8, (Pta. 2ª, gradas, 90 plazas, pupitres fijos);;;;
BOM;EDIFICIO CONSTITUCIÓN 1812 (Antiguo Cuartel de La Bomba);2.13.02.0090;Aula 9, (Pta. 2ª, gradas, 90 plazas, pupitres fijos);Aula de Docencia;Aula 9, (Pta. 2ª, gradas, 90 plazas, pupitres fijos);;;;
BOM;EDIFICIO CONSTITUCIÓN 1812 (Antiguo Cuartel de La Bomba);10000284;Sala ARGÜELLES (Pta.1ª, gradas, 70 plazas, butacas fijas);Aula de Docencia;Sala ARGÜELLES (Pta.1ª, gradas, 70 plazas, butacas fijas);;;;
BOM;EDIFICIO CONSTITUCIÓN 1812 (Antiguo Cuartel de La Bomba);10000283;Sala BOLÍVAR (Pta.1ª, gradas, 106 plazas, butacas fijas);Aula de Docencia;Sala BOLÍVAR (Pta.1ª, gradas, 106 plazas, butacas fijas);;;;
BOM;EDIFICIO CONSTITUCIÓN 1812 (Antiguo Cuartel de La Bomba);2.13.00.0100;Sala LEQUERICA (Pta. baja, 111 plazas, butacas fijas);Aula de Docencia;Sala LEQUERICA (Pta. baja, 111 plazas, butacas fijas);;;;
BOM;EDIFICIO CONSTITUCIÓN 1812 (Antiguo Cuartel de La Bomba);10001072;Mostrador eventos patio;Patio/Hall;Mostrador eventos patio;;;;
BOM;EDIFICIO CONSTITUCIÓN 1812 (Antiguo Cuartel de La Bomba);10001074;Sillas eventos patio. Disponibles: 100. Gestión de su traslado, colocación y retirada por cuenta del solicitante;Patio/Hall;Sillas eventos patio. Disponibles: 100. Gestión de su traslado, colocación y retirada por cuenta del solicitante;;;;
BOM;EDIFICIO CONSTITUCIÓN 1812 (Antiguo Cuartel de La Bomba);10000661;PATIO (requiere VB Vic. Infraestructuras en los casos indicados en reglamento cesión espacios);Sala Multiuso;PATIO (requiere VB Vic. Infraestructuras en los casos indicados en reglamento cesión espacios);;;;
BOM;EDIFICIO CONSTITUCIÓN 1812 (Antiguo Cuartel de La Bomba);10000287;Sala multiuso (Pta. 2ª, sillas de palas removibles, NO multimedia);Sala Multiuso;Sala multiuso (Pta. 2ª, sillas de palas removibles, NO multimedia);;;;
BOM;EDIFICIO CONSTITUCIÓN 1812 (Antiguo Cuartel de La Bomba);2.13.01.0100;Sala QUINTANA, (Pta. 1ª, NO multimedia, espacio diáfano, NO apto reuniones);Sala Multiuso;Sala QUINTANA, (Pta. 1ª, NO multimedia, espacio diáfano, NO apto reuniones);;;;
BOM;EDIFICIO CONSTITUCIÓN 1812 (Antiguo Cuartel de La Bomba);10000289;Sala TOMASA PALAFOX (Pta.1ª, 24 plazas, SIN videoproyector);Sala Multiuso;Sala TOMASA PALAFOX (Pta.1ª, 24 plazas, SIN videoproyector);;;;
CTS;Edificio Hospital Real (antiguo CTC/H.Militar);10000731;Sala de Juntas (1ª planta);Sala Multiuso;Sala de Juntas (1ª planta);;;;
CTS;Edificio Hospital Real (antiguo CTC/H.Militar);10001076;Sala de reuniones (Planta baja);Sala Multiuso;Sala de reuniones (Planta baja);;;;
CTS;Edificio Hospital Real (antiguo CTC/H.Militar);10001011;Sala de Juntas (5ª planta);Salón de Actos;Sala de Juntas (5ª planta);;;;
ONT;EFCTA Edificio Fundación Campus Técnológico Algeciras;10000997;A 0.1;Aula de Docencia;A 0.1;;;;
ONT;EFCTA Edificio Fundación Campus Técnológico Algeciras;10000998;A 0.2;Aula de Docencia;A 0.2;;;;
ONT;EFCTA Edificio Fundación Campus Técnológico Algeciras;10001000;A 1.2;Aula de Docencia;A 1.2;;;;
ONT;EFCTA Edificio Fundación Campus Técnológico Algeciras;10001003;A 2.2;Aula de Docencia;A 2.2;;;;
ONT;EFCTA Edificio Fundación Campus Técnológico Algeciras;10001004;A 2.3;Aula de Docencia;A 2.3;;;;
ONT;EFCTA Edificio Fundación Campus Técnológico Algeciras;10001005;A 3.1;Aula de Docencia;A 3.1;;;;
ONT;EFCTA Edificio Fundación Campus Técnológico Algeciras;10001006;A 3.2;Aula de Docencia;A 3.2;;;;
ONT;EFCTA Edificio Fundación Campus Técnológico Algeciras;10001007;A 3.3;Aula de Docencia;A 3.3;;;;
ONT;EFCTA Edificio Fundación Campus Técnológico Algeciras;10000999;AI 1.1;Aula de Docencia;AI 1.1;;;;
ONT;EFCTA Edificio Fundación Campus Técnológico Algeciras;10001001;AI 1.3;Aula de Docencia;AI 1.3;;;;
ONT;EFCTA Edificio Fundación Campus Técnológico Algeciras;10001002;AI 2.1;Aula de Docencia;AI 2.1;;;;
ONT;EFCTA Edificio Fundación Campus Técnológico Algeciras;10001086;Hall;Patio/Hall;Hall;;;;
ONT;EFCTA Edificio Fundación Campus Técnológico Algeciras;10001008;Sala de Conferencias;Salón de Grados;Sala de Conferencias;;;;
ONT;EFCTA Edificio Fundación Campus Técnológico Algeciras;10001009;Sala de Reuniones;Sala Multiuso;Sala de Reuniones;;;;
ONT;EFCTA Edificio Fundación Campus Técnológico Algeciras;10001010;Sala Multiusos - Derecho;Sala Multiuso;Sala Multiusos - Derecho;;;;
PTA;E. Politécnica Superior (Algeciras);1.02.01.0030;1.2;Aula de Docencia;1.2;;;;
PTA;E. Politécnica Superior (Algeciras);1.02.00.0410;A 0.7;Aula de Docencia;A 0.7;;;;
PTA;E. Politécnica Superior (Algeciras);1.02.00.0420;A 0.8;Aula de Docencia;A 0.8;;;;
PTA;E. Politécnica Superior (Algeciras);1.02.01.0350;A 1.1 (Aulario);Aula de Docencia;A 1.1 (Aulario);;;;
PTA;E. Politécnica Superior (Algeciras);1.02.01.0340;A 1.2 (Aulario);Aula de Docencia;A 1.2 (Aulario);;;;
PTA;E. Politécnica Superior (Algeciras);1.02.01.0330;A 1.3 (Aulario);Aula de Docencia;A 1.3 (Aulario);;;;
PTA;E. Politécnica Superior (Algeciras);1.02.01.0320;A 1.4 (Aulario);Aula de Docencia;A 1.4 (Aulario);;;;
PTA;E. Politécnica Superior (Algeciras);1.02.01.0310;A 1.5 (Aulario);Aula de Docencia;A 1.5 (Aulario);;;;
PTA;E. Politécnica Superior (Algeciras);1.02.02.0280;A 2.1 (Aulario);Aula de Docencia;A 2.1 (Aulario);;;;
PTA;E. Politécnica Superior (Algeciras);1.02.02.0260;A 2.2 (Aulario);Aula de Docencia;A 2.2 (Aulario);;;;
PTA;E. Politécnica Superior (Algeciras);1.02.02.0240;A 2.3 (Aulario);Aula de Docencia;A 2.3 (Aulario);;;;
PTA;E. Politécnica Superior (Algeciras);1.02.02.0220;A 2.4 (Aulario);Aula de Docencia;A 2.4 (Aulario);;;;
PTA;E. Politécnica Superior (Algeciras);1.02.03.0230;A 3.1 (Aulario);Aula de Docencia;A 3.1 (Aulario);;;;
PTA;E. Politécnica Superior (Algeciras);1.02.03.0220;A 3.2 (Aulario);Aula de Docencia;A 3.2 (Aulario);;;;
PTA;E. Politécnica Superior (Algeciras);1.02.03.0210;A 3.3 (Aulario);Aula de Docencia;A 3.3 (Aulario);;;;
PTA;E. Politécnica Superior (Algeciras);1.02.03.0200;A 3.4 (Aulario);Aula de Docencia;A 3.4 (Aulario);;;;
PTA;E. Politécnica Superior (Algeciras);1.02.03.0190;A 3.5 (Aulario);Aula de Docencia;A 3.5 (Aulario);;;;
PTA;E. Politécnica Superior (Algeciras);1.02.03.0180;A 3.6 (Aulario);Aula de Docencia;A 3.6 (Aulario);;;;
PTA;E. Politécnica Superior (Algeciras);1.02.03.0170;A 3.7 (Aulario);Aula de Docencia;A 3.7 (Aulario);;;;
PTA;E. Politécnica Superior (Algeciras);1.02.03.0160;A 3.8 (Aulario);Aula de Docencia;A 3.8 (Aulario);;;;
PTA;E. Politécnica Superior (Algeciras);10000556;Aula de Teledocencia;Aula de Docencia;Aula de Teledocencia;;;;
PTA;E. Politécnica Superior (Algeciras);1.02.01.0060;1.4 Aula de Informática;Aula Informatica;1.4 Aula de Informática;;;;
PTA;E. Politécnica Superior (Algeciras);1.02.02.0060;2.1 Aula de Informática;Aula Informatica;2.1 Aula de Informática;;;;
PTA;E. Politécnica Superior (Algeciras);10000607;I 0.0 - Aula de Informática;Aula Informatica;I 0.0 - Aula de Informática;;;;
PTA;E. Politécnica Superior (Algeciras);1.02.02.0290;I 2.1 (Aulario);Aula Informatica;I 2.1 (Aulario);;;;
PTA;E. Politécnica Superior (Algeciras);1.02.02.0270;I 2.2 (Aulario);Aula Informatica;I 2.2 (Aulario);;;;
PTA;E. Politécnica Superior (Algeciras);1.02.02.0250;I 2.3 (Aulario);Aula Informatica;I 2.3 (Aulario);;;;
PTA;E. Politécnica Superior (Algeciras);1.02.02.0230;I 2.4 (Aulario);Aula Informatica;I 2.4 (Aulario);;;;
PTA;E. Politécnica Superior (Algeciras);10000519;Dvd Sony ;Medios Audiovisuales;Dvd Sony ;;;;
PTA;E. Politécnica Superior (Algeciras);10000512;Pantalla Proyección Portatil. Conserjería;Medios Audiovisuales;Pantalla Proyección Portatil. Conserjería;;;;
PTA;E. Politécnica Superior (Algeciras);10000515;Proyector Diapositivas Kindermann. Conserjería;Medios Audiovisuales;Proyector Diapositivas Kindermann. Conserjería;;;;
PTA;E. Politécnica Superior (Algeciras);10000517;Proyector Diapositivas Kodak 1000595. Conserjería ;Medios Audiovisuales;Proyector Diapositivas Kodak 1000595. Conserjería ;;;;
PTA;E. Politécnica Superior (Algeciras);10000516;Proyector Diapositivas Reflecta. Conserjería ;Medios Audiovisuales;Proyector Diapositivas Reflecta. Conserjería ;;;;
PTA;E. Politécnica Superior (Algeciras);10000518;Radio CD Portatil Mx Onda. Conserjería ;Medios Audiovisuales;Radio CD Portatil Mx Onda. Conserjería ;;;;
PTA;E. Politécnica Superior (Algeciras);10000523;Retroproyector. Conserjería ;Medios Audiovisuales;Retroproyector. Conserjería ;;;;
PTA;E. Politécnica Superior (Algeciras);10000527;Retroproyector. Conserjería ;Medios Audiovisuales;Retroproyector. Conserjería ;;;;
PTA;E. Politécnica Superior (Algeciras);10000530;Retroproyector. Conserjería ;Medios Audiovisuales;Retroproyector. Conserjería ;;;;
PTA;E. Politécnica Superior (Algeciras);10000522;Retroproyector. Conserjería ;Medios Audiovisuales;Retroproyector. Conserjería ;;;;
PTA;E. Politécnica Superior (Algeciras);10000524;Retroproyector. Conserjería ;Medios Audiovisuales;Retroproyector. Conserjería ;;;;
PTA;E. Politécnica Superior (Algeciras);10000513;Vídeoproyector Mitsubishi 1520007249. Conserjería;Medios Audiovisuales;Vídeoproyector Mitsubishi 1520007249. Conserjería;;;;
PTA;E. Politécnica Superior (Algeciras);10000520;Vídeo VHS Sony. Conserjería;Medios Audiovisuales;Vídeo VHS Sony. Conserjería;;;;
PTA;E. Politécnica Superior (Algeciras);10000514;Vídeo VHS Sony. Conserjería;Medios Audiovisuales;Vídeo VHS Sony. Conserjería;;;;
PTA;E. Politécnica Superior (Algeciras);10000623;Hall;Sala Multiuso;Hall;;;;
PTA;E. Politécnica Superior (Algeciras);10001068;"Sala de Exposiciones ""El Cubo"";""Sala Multiuso";"Sala de Exposiciones ""El Cubo""
""PTA";E. Politécnica Superior (Algeciras);1.02.01.0110;Sala de Juntas;Sala Multiuso;Sala de Juntas
PTA;E. Politécnica Superior (Algeciras);1.02.01.0010;Sala de Reuniones - 4ª planta;Aula de Docencia;1.1;;;;
PTA;E. Politécnica Superior (Algeciras);1.02.01.0200;Sala Postgrado (requiere VB Vic. Infraestructuras en los casos indicados en reglamento cesión espacios);Sala Multiuso;Sala Postgrado (requiere VB Vic. Infraestructuras en los casos indicados en reglamento cesión espacios);;;;
PTA;E. Politécnica Superior (Algeciras);1.02.00.0030;Salón de Actos (requiere VB Vic. Infraestructuras en los casos indicados en reglamento cesión espacios);Salón de Actos;Salón de Actos (requiere VB Vic. Infraestructuras en los casos indicados en reglamento cesión espacios);;;;
PTA;E. Politécnica Superior (Algeciras);10001073;Sala de Producción Audiovisual;Sala de Trabajo;Sala de Producción Audiovisual;;;;
PTA;E. Politécnica Superior (Algeciras);10000561;Laboratorio L5;Seminario;Laboratorio L5;;;;
PTA;E. Politécnica Superior (Algeciras);10000664;Sala Multiusos;Seminario;Sala Multiusos;;;;
EMD;Escuela de Medicina de la Educacion Fisica y del Deporte;10000748;Isla de León;Aula de Docencia;Isla de León;;;;
EMD;Escuela de Medicina de la Educacion Fisica y del Deporte;10000749;Méndez;Aula de Docencia;Méndez;;;;
ESI;Escuela Superior de Ingeniería;4.13.01.0220;B01 AULA DE TEORÍA Y PROBLEMAS;Aula de Docencia;B01 AULA DE TEORÍA Y PROBLEMAS;;;;
ESI;Escuela Superior de Ingeniería;4.13.01.0230;A14 LABORATORIO DE METROLOGÍA;Aula de Docencia;B02 AULA DE TEORÍA Y PROBLEMAS;;;;
ESI;Escuela Superior de Ingeniería;4.13.01.0240;A15 LABORATORIO S.I.C.;Laboratorio / Taller;A15 LABORATORIO S.I.C.;;;;
ESI;Escuela Superior de Ingeniería;4.13.01.0250;A16 LABORATORIO DE METROLOGÍA ELÉCTRICA Y CALIBRACIÓN;Aula de Docencia;B04 AULA DE TEORÍA Y PROBLEMAS;;;;
ESI;Escuela Superior de Ingeniería;4.13.01.0270;A18 SALA DE JUNTAS;Aula de Docencia;B05 AULA DE TEORÍA Y PROBLEMAS;;;;
ESI;Escuela Superior de Ingeniería;4.13.01.0280;B06 AULA DE TEORÍA Y PROBLEMAS;Aula de Docencia;B06 AULA DE TEORÍA Y PROBLEMAS;;;;
ESI;Escuela Superior de Ingeniería;4.13.01.0350;C01 AULA DE TEORÍA Y PROBLEMAS;Aula de Docencia;C01 AULA DE TEORÍA Y PROBLEMAS;;;;
ESI;Escuela Superior de Ingeniería;4.13.01.0360;B15 LABORATORIO DE CORROSIÓN;Aula de Docencia;C02 AULA DE TEORÍA Y PROBLEMAS;;;;
ESI;Escuela Superior de Ingeniería;4.13.01.0370;B16 LABORATORIO DE PROCESOS DE CONFORMADO DE MATERIALES;Aula de Docencia;C03 AULA DE TEORÍA Y PROBLEMAS;;;;
ESI;Escuela Superior de Ingeniería;4.13.01.0380;B17 TALLER DE DISEÑO;Aula de Docencia;C04 AULA DE TEORÍA Y PROBLEMAS;;;;
ESI;Escuela Superior de Ingeniería;4.13.01.0400;B19 LABORATORIO DE CIENCIA E INGENIERÍA DE LOS MATERIALES;Aula de Docencia;C05 AULA DE TEORÍA Y PROBLEMAS;;;;
ESI;Escuela Superior de Ingeniería;4.13.01.0410;C06 AULA DE TEORÍA Y PROBLEMAS;Aula de Docencia;C06 AULA DE TEORÍA Y PROBLEMAS;;;;
ESI;Escuela Superior de Ingeniería;4.13.01.0420;C07 AULA DE DIBUJO;Aula de Docencia;C07 AULA DE DIBUJO;;;;
ESI;Escuela Superior de Ingeniería;4.13.01.0500;D03 AULA DE TEORÍA Y PROBLEMAS;Aula de Docencia;C16 AULA DE MÁSTER. GERMÁN MUÑOZ BEATO;;;;
ESI;Escuela Superior de Ingeniería;4.13.01.0510;C17 AULA DE MÁSTER. MIGUEL BORRERO VÁZQUEZ;Aula de Docencia;C17 AULA DE MÁSTER. MIGUEL BORRERO VÁZQUEZ;;;;
ESI;Escuela Superior de Ingeniería;4.13.01.0520;D05 AULA DE TEORÍA Y PROBLEMAS;Aula de Docencia;D05 AULA DE TEORÍA Y PROBLEMAS;;;;
ESI;Escuela Superior de Ingeniería;4.13.01.0530;C19 AULA DE MÁSTER. MIGUEL PASTOR SÁNCHEZ;Aula de Docencia;C19 AULA DE MÁSTER. MIGUEL PASTOR SÁNCHEZ;;;;
ESI;Escuela Superior de Ingeniería;4.13.01.0480;D01 AULA MAGNA;Aula de Docencia;D01 AULA MAGNA;;;;
ESI;Escuela Superior de Ingeniería;4.13.01.0490;C15 LABORATORIO DE ELECTRICIDAD;Laboratorio / Taller;C15 LABORATORIO DE ELECTRICIDAD;;;;
ESI;Escuela Superior de Ingeniería;4.13.00.0530;D06 AULA DE TEORÍA Y PROBLEMAS;Aula de Docencia;D06 AULA DE TEORÍA Y PROBLEMAS;;;;
ESI;Escuela Superior de Ingeniería;4.13.00.0540;D07 AULA DE DIBUJO;Aula de Docencia;D07 AULA DE DIBUJO;;;;
ESI;Escuela Superior de Ingeniería;4.13.01.0600;D14 LABORATORIO DE PROGRAMACIÓN PARALELA Y SISTEMAS DISTRIBUIDOS;Laboratorio / Taller;D14 LABORATORIO DE PROGRAMACIÓN PARALELA Y SISTEMAS DISTRIBUIDOS;;;;
ESI;Escuela Superior de Ingeniería;4.13.00.0610;E02 AULA MAGNA;Aula de Docencia;E02 AULA MAGNA;;;;
ESI;Escuela Superior de Ingeniería;4.13.00.0620;E03 AULA DE TEORÍA Y PROBLEMAS;Aula de Docencia;E03 AULA DE TEORÍA Y PROBLEMAS;;;;
ESI;Escuela Superior de Ingeniería;4.13.00.0640;E05 AULA DE TEORÍA Y PROBLEMAS;Aula de Docencia;E05 AULA DE TEORÍA Y PROBLEMAS;;;;
ESI;Escuela Superior de Ingeniería;4.13.00.0650;E06 AULA DE TEORÍA Y PROBLEMAS;Aula de Docencia;E06 AULA DE TEORÍA Y PROBLEMAS;;;;
ESI;Escuela Superior de Ingeniería;4.13.00.0290;B07 LABORATORIO DE PRÁCTICAS CON ORDENADOR;Aula Informatica;B07 LABORATORIO DE PRÁCTICAS CON ORDENADOR;;;;
ESI;Escuela Superior de Ingeniería;4.13.00.0300;B08 LABORATORIO DE PRÁCTICAS CON ORDENADOR;Aula Informatica;B08 LABORATORIO DE PRÁCTICAS CON ORDENADOR;;;;
ESI;Escuela Superior de Ingeniería;4.13.00.0310;B09 LABORATORIO DE PRÁCTICAS CON ORDENADOR;Aula Informatica;B09 LABORATORIO DE PRÁCTICAS CON ORDENADOR;;;;
ESI;Escuela Superior de Ingeniería;4.13.00.0430;C08 LABORATORIO DE PRÁCTICAS CON ORDENADOR;Aula Informatica;C08 LABORATORIO DE PRÁCTICAS CON ORDENADOR;;;;
ESI;Escuela Superior de Ingeniería;4.13.00.0440;C09 LABORATORIO DE PRÁCTICAS CON ORDENADOR;Aula Informatica;C09 LABORATORIO DE PRÁCTICAS CON ORDENADOR;;;;
ESI;Escuela Superior de Ingeniería;4.13.00.0550;D08 LABORATORIO DE PRÁCTICAS CON ORDENADOR;Aula Informatica;D08 LABORATORIO DE PRÁCTICAS CON ORDENADOR;;;;
ESI;Escuela Superior de Ingeniería;4.13.00.0560;D09 LABORATORIO DE PRÁCTICAS CON ORDENADOR;Aula Informatica;D09 LABORATORIO DE PRÁCTICAS CON ORDENADOR;;;;
ESI;Escuela Superior de Ingeniería;4.13.00.0660;E07 LABORATORIO DE PRÁCTICAS CON ORDENADOR;Aula Informatica;E07 LABORATORIO DE PRÁCTICAS CON ORDENADOR;;;;
ESI;Escuela Superior de Ingeniería;4.13.00.0670;E08 LABORATORIO DE PRÁCTICAS CON ORDENADOR;Aula Informatica;E08 LABORATORIO DE PRÁCTICAS CON ORDENADOR;;;;
ESI;Escuela Superior de Ingeniería;4.13.00.0680;E09 LABORATORIO DE PRÁCTICAS CON ORDENADOR;Aula Informatica;E09 LABORATORIO DE PRÁCTICAS CON ORDENADOR;;;;
ESI;Escuela Superior de Ingeniería;4.13.00.0130;A01 LABORATORIO DE AERODINÁMICA Y MECÁNICA DE FLUIDOS;Laboratorio / Taller;A01 LABORATORIO DE AERODINÁMICA Y MECÁNICA DE FLUIDOS;;;;
ESI;Escuela Superior de Ingeniería;4.13.01.0200;A11 LABORATORIO UCASE;Laboratorio / Taller;A11 LABORATORIO UCASE;;;;
ESI;Escuela Superior de Ingeniería;4.13.01.0210;A12 LABORATORIO DE MÁQUINAS ELÉCTRICAS;Laboratorio / Taller;A12 LABORATORIO DE MÁQUINAS ELÉCTRICAS;;;;
ESI;Escuela Superior de Ingeniería;4.13.01.0260;A17 LABORATORIO SPI&FM;Laboratorio / Taller;A17 LABORATORIO SPI&FM;;;;
ESI;Escuela Superior de Ingeniería;4.13.09.0060;AS02 TALLER DE ALTA TENSIÓN E INSTALACIONES ELÉCTRICAS;Laboratorio / Taller;AS02 TALLER DE ALTA TENSIÓN E INSTALACIONES ELÉCTRICAS;;;;
ESI;Escuela Superior de Ingeniería;4.13.09.0070;AS03 TALLER MECÁNICO;Laboratorio / Taller;AS03 TALLER MECÁNICO;;;;
ESI;Escuela Superior de Ingeniería;4.13.09.0080;AS04 LABORATORIO DE MATERIALES;Laboratorio / Taller;AS04 LABORATORIO DE MATERIALES;;;;
ESI;Escuela Superior de Ingeniería;4.13.09.0090;AS05 TALLER DE MÁQUINAS CNC;Laboratorio / Taller;AS05 TALLER DE MÁQUINAS CNC;;;;
ESI;Escuela Superior de Ingeniería;4.13.09.0100;AS06 TALLER DE SOLDADURA;Laboratorio / Taller;AS06 TALLER DE SOLDADURA;;;;
ESI;Escuela Superior de Ingeniería;4.13.09.0021;AS07 CÁMARA CLIMÁTICA;Laboratorio / Taller;AS07 CÁMARA CLIMÁTICA;;;;
ESI;Escuela Superior de Ingeniería;4.13.09.0025;AS08 LABORATORIO DE ENERGÍAS RENOVABLES;Laboratorio / Taller;AS08 LABORATORIO DE ENERGÍAS RENOVABLES;;;;
ESI;Escuela Superior de Ingeniería;4.13.09.0026;AS09 LABORATORIO DE FABRICACIÓN ADITIVA;Laboratorio / Taller;AS09 LABORATORIO DE FABRICACIÓN ADITIVA;;;;
ESI;Escuela Superior de Ingeniería;4.13.09.0027;AS10 LABORATORIO DE AEROESTRUCTURAS Y LEEM;Laboratorio / Taller;AS10 LABORATORIO DE AEROESTRUCTURAS Y LEEM;;;;
ESI;Escuela Superior de Ingeniería;4.13.01.0310;B11 LABORATORIO DE FÍSICA;Laboratorio / Taller;B11 LABORATORIO DE FÍSICA;;;;
ESI;Escuela Superior de Ingeniería;4.13.01.0320;B12 LABORATORIO DE FÍSICA;Laboratorio / Taller;B12 LABORATORIO DE FÍSICA;;;;
ESI;Escuela Superior de Ingeniería;4.13.01.0330;B13 LABORATORIO DE QUÍMICA;Laboratorio / Taller;B13 LABORATORIO DE QUÍMICA;;;;
ESI;Escuela Superior de Ingeniería;4.13.01.0340;B14 LABORATORIO DE INGENIERÍA TÉRMICA;Laboratorio / Taller;B14 LABORATORIO DE INGENIERÍA TÉRMICA;;;;
ESI;Escuela Superior de Ingeniería;4.13.01.0390;B18 TALLER DE EXPRESIÓN ARTÍSTICA;Laboratorio / Taller;B18 TALLER DE EXPRESIÓN ARTÍSTICA;;;;
ESI;Escuela Superior de Ingeniería;4.13.01.0440;C11 LABORATORIO DE DISEÑO MICROELECTRÓNICO;Laboratorio / Taller;C11 LABORATORIO DE DISEÑO MICROELECTRÓNICO;;;;
ESI;Escuela Superior de Ingeniería;4.13.01.0450;C12 LABORATORIO DE INGENIERÍA MECÁNICA;Laboratorio / Taller;C12 LABORATORIO DE INGENIERÍA MECÁNICA;;;;
ESI;Escuela Superior de Ingeniería;4.13.01.0460;C13 LABORATORIO DE ELASTICIDAD Y RESISTENCIA DE MATERIALES;Laboratorio / Taller;C13 LABORATORIO DE ELASTICIDAD Y RESISTENCIA DE MATERIALES;;;;
ESI;Escuela Superior de Ingeniería;4.13.01.0470;C14 LABORATORIO GAPSIS;Laboratorio / Taller;C14 LABORATORIO GAPSIS;;;;
ESI;Escuela Superior de Ingeniería;4.13.01.0570;D11 OSLUCA;Laboratorio / Taller;D11 OSLUCA;;;;
ESI;Escuela Superior de Ingeniería;4.13.01.0580;D12 LABORATORIO DE ROBÓTICA APLICADA Y AMUCA ;Laboratorio / Taller;D12 LABORATORIO DE ROBÓTICA APLICADA Y AMUCA ;;;;
ESI;Escuela Superior de Ingeniería;4.13.01.0590;D13 LABORATORIO DE ROBÓTICA;Laboratorio / Taller;D13 LABORATORIO DE ROBÓTICA;;;;
ESI;Escuela Superior de Ingeniería;4.13.01.0620;D15 LABORATORIO DE ADMÓN. Y SEGURIDAD DE SISTEMAS INFORMÁTICOS;Laboratorio / Taller;D15 LABORATORIO DE ADMÓN. Y SEGURIDAD DE SISTEMAS INFORMÁTICOS;;;;
ESI;Escuela Superior de Ingeniería;4.13.01.0630;D16 LABORATORIO DE DISEÑO ASISTIDO POR ORDENADOR;Laboratorio / Taller;D16 LABORATORIO DE DISEÑO ASISTIDO POR ORDENADOR;;;;
ESI;Escuela Superior de Ingeniería;4.13.01.0640;D17 LABORATORIO DE DISEÑO ASISTIDO POR ORDENADOR;Laboratorio / Taller;D17 LABORATORIO DE DISEÑO ASISTIDO POR ORDENADOR;;;;
ESI;Escuela Superior de Ingeniería;4.13.01.0650;D18 LABORATORIO DE SIMULACIÓN;Laboratorio / Taller;D18 LABORATORIO DE SIMULACIÓN;;;;
ESI;Escuela Superior de Ingeniería;4.13.01.0660;D19 LABORATORIO DE SIMULACIÓN;Laboratorio / Taller;D19 LABORATORIO DE SIMULACIÓN;;;;
ESI;Escuela Superior de Ingeniería;4.13.01.0700;E11 LABORATORIO DE ELECTRÓNICA INDUSTRIAL;Laboratorio / Taller;E11 LABORATORIO DE ELECTRÓNICA INDUSTRIAL;;;;
ESI;Escuela Superior de Ingeniería;4.13.01.0710;E12 LABORATORIO DE ELECTRÓNICA GENERAL;Laboratorio / Taller;E12 LABORATORIO DE ELECTRÓNICA GENERAL;;;;
ESI;Escuela Superior de Ingeniería;4.13.01.0720;E13 LABORATORIO DE NAVEGACIÓN AÉREA, AVIÓNICA Y TELECOMUNICAC.;Laboratorio / Taller;E13 LABORATORIO DE NAVEGACIÓN AÉREA, AVIÓNICA Y TELECOMUNICAC.;;;;
ESI;Escuela Superior de Ingeniería;4.13.01.0730;E14 LABORATORIO DE REDES DE COMPUTADORES;Laboratorio / Taller;E14 LABORATORIO DE REDES DE COMPUTADORES;;;;
ESI;Escuela Superior de Ingeniería;4.13.01.0750;E15 LABORATORIO DE TECNOLOGÍA DE COMPUTADORES;Laboratorio / Taller;E15 LABORATORIO DE TECNOLOGÍA DE COMPUTADORES;;;;
ESI;Escuela Superior de Ingeniería;4.13.01.0760;E16 LABORATORIO DE SISTEMAS DIGITALES E INFORMÁTICA INDUSTRIAL;Laboratorio / Taller;E16 LABORATORIO DE SISTEMAS DIGITALES E INFORMÁTICA INDUSTRIAL;;;;
ESI;Escuela Superior de Ingeniería;4.13.01.0770;E17 LABORATORIO DE REGULACIÓN AUTOMÁTICA;Laboratorio / Taller;E17 LABORATORIO DE REGULACIÓN AUTOMÁTICA;;;;
ESI;Escuela Superior de Ingeniería;4.13.01.0780;E18 LABORATORIO DE AUTOMATIZACIÓN Y DOMÓTICA;Laboratorio / Taller;E18 LABORATORIO DE AUTOMATIZACIÓN Y DOMÓTICA;;;;
ESI;Escuela Superior de Ingeniería;4.13.01.0790;E19 LABORATORIO DE INGENIERÍA BIOMÉDICA Y TELEMEDICINA;Laboratorio / Taller;E19 LABORATORIO DE INGENIERÍA BIOMÉDICA Y TELEMEDICINA;;;;
ESI;Escuela Superior de Ingeniería;10001022;Hall mayor 'Maior Vestibulum' ESI - Exposiciones y otros actos ;Patio/Hall;Hall mayor 'Maior Vestibulum' ESI - Exposiciones y otros actos ;;;;
ESI;Escuela Superior de Ingeniería;10001067;Hall menor 'Minor Vestibulum' ESI - Exposiciones y otros actos;Patio/Hall;Hall menor 'Minor Vestibulum' ESI - Exposiciones y otros actos;;;;
ESI;Escuela Superior de Ingeniería;4.13.00.0090;P06 SALÓN DE GRADOS MARIANO MARCOS (requiere VB Vic. Infraestructuras en los casos indicados en reglamento cesión espacios);Salón de Grados;P06 SALÓN DE GRADOS MARIANO MARCOS (requiere VB Vic. Infraestructuras en los casos indicados en reglamento cesión espacios);;;;
ESI;Escuela Superior de Ingeniería;4.13.00.0005;Galería principal 'Magna Gallery' ESI - Exposiciones y otros actos;Sala Multiuso;Galería principal 'Magna Gallery' ESI - Exposiciones y otros actos;;;;
ESI;Escuela Superior de Ingeniería;4.13.01.0040;P101 SALA DE VIDEOCONFERENCIAS;Sala Multiuso;P101 SALA DE VIDEOCONFERENCIAS;;;;
ESI;Escuela Superior de Ingeniería;4.13.01.0050;P102 SALA DE VIDEOCONFERENCIAS;Sala Multiuso;P102 SALA DE VIDEOCONFERENCIAS;;;;
ESI;Escuela Superior de Ingeniería;4.13.01.0060;P103 SALA DE VIDEOCONFERENCIAS;Sala Multiuso;P103 SALA DE VIDEOCONFERENCIAS;;;;
ESI;Escuela Superior de Ingeniería;4.13.01.0070;P104 SALA DE VIDEOCONFERENCIAS;Sala Multiuso;P104 SALA DE VIDEOCONFERENCIAS;;;;
ESI;Escuela Superior de Ingeniería;4.13.01.0110;P105 SALA DE REUNIONES;Sala Multiuso;P105 SALA DE REUNIONES;;;;
ESI;Escuela Superior de Ingeniería;4.13.00.0100;P07 SALÓN DE ACTOS (requiere VB Vic. Infraestructuras en los casos indicados en reglamento cesión espacios);Salón de Actos;P07 SALÓN DE ACTOS (requiere VB Vic. Infraestructuras en los casos indicados en reglamento cesión espacios);;;;
ESI;Escuela Superior de Ingeniería;4.13.00.0726;FS01 SALA DE SEMINARIOS;Seminario;FS01 SALA DE SEMINARIOS;;;;
ESI;Escuela Superior de Ingeniería;4.13.00.0728;FS02 SALA DE SEMINARIOS;Seminario;FS02 SALA DE SEMINARIOS;;;;
ESI;Escuela Superior de Ingeniería;4.13.00.0756;FS03 SALA DE SEMINARIOS;Seminario;FS03 SALA DE SEMINARIOS;;;;
ESI;Escuela Superior de Ingeniería;4.13.00.0758;FS04 SALA DE SEMINARIOS;Seminario;FS04 SALA DE SEMINARIOS;;;;
ESI;Escuela Superior de Ingeniería;4.13.00.0786;FS05 SALA DE SEMINARIOS;Seminario;FS05 SALA DE SEMINARIOS;;;;
ESI;Escuela Superior de Ingeniería;4.13.00.0788;FS06 SALA DE SEMINARIOS;Seminario;FS06 SALA DE SEMINARIOS;;;;
ESI;Escuela Superior de Ingeniería;4.13.00.0816;FS07 SALA DE SEMINARIOS;Seminario;FS07 SALA DE SEMINARIOS;;;;
ESI;Escuela Superior de Ingeniería;4.13.00.0818;FS08 SALA DE SEMINARIOS;Seminario;FS08 SALA DE SEMINARIOS;;;;
ESI;Escuela Superior de Ingeniería;4.13.00.0846;FS09 SALA DE SEMINARIOS;Seminario;FS09 SALA DE SEMINARIOS;;;;
ESI;Escuela Superior de Ingeniería;4.13.01.0826;FS10 SALA DE SEMINARIOS;Seminario;FS10 SALA DE SEMINARIOS;;;;
ESI;Escuela Superior de Ingeniería;4.13.01.0828;FS11 SALA DE SEMINARIOS;Seminario;FS11 SALA DE SEMINARIOS;;;;
ESI;Escuela Superior de Ingeniería;4.13.01.0856;FS12 SALA DE SEMINARIOS;Seminario;FS12 SALA DE SEMINARIOS;;;;
ESI;Escuela Superior de Ingeniería;4.13.01.0858;FS13 SALA DE SEMINARIOS;Seminario;FS13 SALA DE SEMINARIOS;;;;
ESI;Escuela Superior de Ingeniería;4.13.01.0886;FS14 SALA DE SEMINARIOS;Seminario;FS14 SALA DE SEMINARIOS;;;;
ESI;Escuela Superior de Ingeniería;4.13.01.0888;FS15 SALA DE SEMINARIOS;Seminario;FS15 SALA DE SEMINARIOS;;;;
ESI;Escuela Superior de Ingeniería;4.13.01.0916;FS16 SALA DE SEMINARIOS;Seminario;FS16 SALA DE SEMINARIOS;;;;
ESI;Escuela Superior de Ingeniería;4.13.01.0918;FS17 SALA DE SEMINARIOS;Seminario;FS17 SALA DE SEMINARIOS;;;;
ESI;Escuela Superior de Ingeniería;4.13.01.0946;FS18 SALA DE SEMINARIOS;Seminario;FS18 SALA DE SEMINARIOS;;;;
EMP;Facultad de CC.EE. y Empresariales;10000373;1-1 (bancas);Aula de Docencia;1-1 (bancas);;;;
EMP;Facultad de CC.EE. y Empresariales;10000374;1-2 (bancas);Aula de Docencia;1-2 (bancas);;;;
EMP;Facultad de CC.EE. y Empresariales;10000377;1-3- (sillas pala);Aula de Docencia;1-3- (sillas pala);;;;
EMP;Facultad de CC.EE. y Empresariales;10000376;1-4 (bancas);Aula de Docencia;1-4 (bancas);;;;
EMP;Facultad de CC.EE. y Empresariales;10000378;1-5 (bancas);Aula de Docencia;1-5 (bancas);;;;
EMP;Facultad de CC.EE. y Empresariales;10000379;2-1( grada);Aula de Docencia;2-1( grada);;;;
EMP;Facultad de CC.EE. y Empresariales;10000592;2.2 ( flexible);Aula de Docencia;2.2 ( flexible);;;;
EMP;Facultad de CC.EE. y Empresariales;10000381;2-3 ( grada);Aula de Docencia;2-3 ( grada);;;;
EMP;Facultad de CC.EE. y Empresariales;10000594;2.4 ( flexible);Aula de Docencia;2.4 ( flexible);;;;
EMP;Facultad de CC.EE. y Empresariales;10000380;2.5- (sillas pala);Aula de Docencia;2.5- (sillas pala);;;;
EMP;Facultad de CC.EE. y Empresariales;10000382;2-6 ( grada);Aula de Docencia;2-6 ( grada);;;;
EMP;Facultad de CC.EE. y Empresariales;10000595;2.7 ( flexible);Aula de Docencia;2.7 ( flexible);;;;
EMP;Facultad de CC.EE. y Empresariales;10000383;2.8 ( grada);Aula de Docencia;2.8 ( grada);;;;
EMP;Facultad de CC.EE. y Empresariales;10000596;2.9 ( flexible);Aula de Docencia;2.9 ( flexible);;;;
EMP;Facultad de CC.EE. y Empresariales;10000384;4-1 ( bancas);Aula de Docencia;4-1 ( bancas);;;;
EMP;Facultad de CC.EE. y Empresariales;10000385;4-2 - (flexible);Aula de Docencia;4-2 - (flexible);;;;
EMP;Facultad de CC.EE. y Empresariales;10000493;4-3 - flexible;Aula de Docencia;4-3 - flexible;;;;
EMP;Facultad de CC.EE. y Empresariales;10000386;4-4 - flexible-;Aula de Docencia;4-4 - flexible-;;;;
EMP;Facultad de CC.EE. y Empresariales;10000387;4-5 (bancas);Aula de Docencia;4-5 (bancas);;;;
EMP;Facultad de CC.EE. y Empresariales;10000389;4-6  Programa Oficial de Posgrado (flexible);Aula de Docencia;4-6  Programa Oficial de Posgrado (flexible);;;;
EMP;Facultad de CC.EE. y Empresariales;10000391;4-7 ( bancas);Aula de Docencia;4-7 ( bancas);;;;
EMP;Facultad de CC.EE. y Empresariales;10000390;4-8 (flexible);Aula de Docencia;4-8 (flexible);;;;
EMP;Facultad de CC.EE. y Empresariales;10000591;4-9 (flexible)  ;Aula de Docencia;4-9 (flexible)  ;;;;
EMP;Facultad de CC.EE. y Empresariales;2.04.05.0030;5.2 (flexible);Aula de Docencia;5.2 (flexible);;;;
EMP;Facultad de CC.EE. y Empresariales;2.04.05.0150;5.3(flexible);Aula de Docencia;5.3(flexible);;;;
EMP;Facultad de CC.EE. y Empresariales;10000369;B-1 (bancas);Aula de Docencia;B-1 (bancas);;;;
EMP;Facultad de CC.EE. y Empresariales;10000370;B-2 (bancas);Aula de Docencia;B-2 (bancas);;;;
EMP;Facultad de CC.EE. y Empresariales;10000371;B-3 (bancas);Aula de Docencia;B-3 (bancas);;;;
EMP;Facultad de CC.EE. y Empresariales;10001026;B.4- ( Programa Oficial de Posgrado)  Master Dirección RR.HH.( flexible);Aula de Docencia;B.4- ( Programa Oficial de Posgrado)  Master Dirección RR.HH.( flexible);;;;
EMP;Facultad de CC.EE. y Empresariales;10000372;B-5 ( Programa Oficial Posgrado)- Master Contabilidad y Auditoría -( flexible);Aula de Docencia;B-5 ( Programa Oficial Posgrado)- Master Contabilidad y Auditoría -( flexible);;;;
EMP;Facultad de CC.EE. y Empresariales;2.04.99.0140;S-1 (bancas);Aula de Docencia;S-1 (bancas);;;;
EMP;Facultad de CC.EE. y Empresariales;2.04.99.0150;S-2 (bancas);Aula de Docencia;S-2 (bancas);;;;
EMP;Facultad de CC.EE. y Empresariales;10000388;S-3 ( Programa Oficial de Posgrado) Master-Up ( flexible);Aula de Docencia;S-3 ( Programa Oficial de Posgrado) Master-Up ( flexible);;;;
EMP;Facultad de CC.EE. y Empresariales;10001041;S-4 (Programa Oficial Posgrado)- Master Dirección Empresas ( flexible);Aula de Docencia;S-4 (Programa Oficial Posgrado)- Master Dirección Empresas ( flexible);;;;
EMP;Facultad de CC.EE. y Empresariales;10001027;S.5 (Programa Oficial Posgrado)-  Master Gestión RSC- ( flexible);Aula de Docencia;S.5 (Programa Oficial Posgrado)-  Master Gestión RSC- ( flexible);;;;
EMP;Facultad de CC.EE. y Empresariales;2.04.03.0240;Aula de informática I;Aula Informatica;Aula de informática I;;;;
EMP;Facultad de CC.EE. y Empresariales;2.04.03.0180;Aula de informática II;Aula Informatica;Aula de informática II;;;;
EMP;Facultad de CC.EE. y Empresariales;10000362;Aula de informática III;Aula Informatica;Aula de informática III;;;;
EMP;Facultad de CC.EE. y Empresariales;2.04.04.0250;Aula de informática  IV;Aula Informatica;Aula de informática  IV;;;;
EMP;Facultad de CC.EE. y Empresariales;2.04.04.0260;Aula de informática V;Aula Informatica;Aula de informática V;;;;
EMP;Facultad de CC.EE. y Empresariales;2.04.05.0140;Aula  VI (laboratorio de idiomas);Aula Informatica;Aula  VI (laboratorio de idiomas);;;;
EMP;Facultad de CC.EE. y Empresariales;10000610;5.1 (flexible) ( piz int);Sala Multiuso;5.1 (flexible) ( piz int);;;;
EMP;Facultad de CC.EE. y Empresariales;2.04.02.0200;Sala de Juntas I;Sala Multiuso;Sala de Juntas I;;;;
EMP;Facultad de CC.EE. y Empresariales;2.04.03.0200;Sala de profesores;Sala Multiuso;Sala de profesores;;;;
EMP;Facultad de CC.EE. y Empresariales;2.04.02.0180;Sala Prof. Manuel Mora Garcés;Sala Multiuso;Sala Prof. Manuel Mora Garcés;;;;
EMP;Facultad de CC.EE. y Empresariales;2.04.99.0160;Aula Magna (requiere VB Vic. Infraestructuras en los casos indicados en reglamento cesión espacios);Salón de Actos;Aula Magna (requiere VB Vic. Infraestructuras en los casos indicados en reglamento cesión espacios);;;;
EMP;Facultad de CC.EE. y Empresariales;2.04.00.0030;Sala de Conferencias (requiere VB Vic. Infraestructuras en los casos indicados en reglamento cesión espacios);Salón de Actos;Sala de Conferencias (requiere VB Vic. Infraestructuras en los casos indicados en reglamento cesión espacios);;;;
EMP;Facultad de CC.EE. y Empresariales;2.04.00.0170;Salon de Grados (capilla) (requiere VB Vic. Infraestructuras en los casos indicados en reglamento cesión espacios);Salón de Actos;Salon de Grados (capilla) (requiere VB Vic. Infraestructuras en los casos indicados en reglamento cesión espacios);;;;
CIE;Facultad de Ciencias;4.02.00.0060;FC 1;Aula de Docencia;FC 1;;;;
CIE;Facultad de Ciencias;10000658;FC 10 (EDIFICIO NUEVO) (Planta 2);Aula de Docencia;FC 10 (EDIFICIO NUEVO) (Planta 2);;;;
CIE;Facultad de Ciencias;4.02.00.0110;FC 11;Aula de Docencia;FC 11;;;;
CIE;Facultad de Ciencias;10000660;FC 12 (EDIFICIO NUEVO) (Planta 2) ;Aula de Docencia;FC 12 (EDIFICIO NUEVO) (Planta 2) ;;;;
CIE;Facultad de Ciencias;10001037;FC 13;Aula de Docencia;FC 13;;;;
CIE;Facultad de Ciencias;4.02.00.0270;FC 14;Aula de Docencia;FC 14;;;;
CIE;Facultad de Ciencias;10001043;FC 16;Aula de Docencia;FC 16;;;;
CIE;Facultad de Ciencias;10001044;FC 18;Aula de Docencia;FC 18;;;;
CIE;Facultad de Ciencias;10000654;FC 2 (EDIFICIO NUEVO) (Planta baja);Aula de Docencia;FC 2 (EDIFICIO NUEVO) (Planta baja);;;;
CIE;Facultad de Ciencias;4.02.00.0070;FC 3;Aula de Docencia;FC 3;;;;
CIE;Facultad de Ciencias;10000655;FC 4 (EDIFICIO NUEVO) (Planta baja);Aula de Docencia;FC 4 (EDIFICIO NUEVO) (Planta baja);;;;
CIE;Facultad de Ciencias;4.02.00.0080;FC 5;Aula de Docencia;FC 5;;;;
CIE;Facultad de Ciencias;10000656;FC 6 (EDIFICIO NUEVO) (Planta 1);Aula de Docencia;FC 6 (EDIFICIO NUEVO) (Planta 1);;;;
CIE;Facultad de Ciencias;4.02.00.0090;FC 7;Aula de Docencia;FC 7;;;;
CIE;Facultad de Ciencias;10000657;FC 8 (EDIFICIO NUEVO) (Planta 1);Aula de Docencia;FC 8 (EDIFICIO NUEVO) (Planta 1);;;;
CIE;Facultad de Ciencias;4.02.00.0100;FC 9;Aula de Docencia;FC 9;;;;
CIE;Facultad de Ciencias;10000659;Aula Informática de Proyectos (Edificio Nuevo);Aula Informatica;Aula Informática de Proyectos (Edificio Nuevo);;;;
CIE;Facultad de Ciencias;10000649;FC INF 1 (EDIFICIO NUEVO) (Planta 1) ;Aula Informatica;FC INF 1 (EDIFICIO NUEVO) (Planta 1) ;;;;
CIE;Facultad de Ciencias;10000650;FC INF 2 (EDIFICIO NUEVO) (Planta 1);Aula Informatica;FC INF 2 (EDIFICIO NUEVO) (Planta 1);;;;
CIE;Facultad de Ciencias;10000651;FC INF 3 (EDIFICIO NUEVO) (Planta 2);Aula Informatica;FC INF 3 (EDIFICIO NUEVO) (Planta 2);;;;
CIE;Facultad de Ciencias;10000652;FC INF 4 (EDIFICIO NUEVO) (Planta 2);Aula Informatica;FC INF 4 (EDIFICIO NUEVO) (Planta 2);;;;
CIE;Facultad de Ciencias;10000606;FC INF MOVIL 1;Aula Informatica;FC INF MOVIL 1;;;;
CIE;Facultad de Ciencias;10001020;FC INF MOVIL 2;Aula Informatica;FC INF MOVIL 2;;;;
CIE;Facultad de Ciencias;10001021;FC INF MOVIL 3;Aula Informatica;FC INF MOVIL 3;;;;
CIE;Facultad de Ciencias;10000052;DVD SANYO;Medios Audiovisuales;DVD SANYO;;;;
CIE;Facultad de Ciencias;10000051;TV-VIDEO;Medios Audiovisuales;TV-VIDEO;;;;
CIE;Facultad de Ciencias;10000049;VIDEOPROYECTOR EPSON 1100;Medios Audiovisuales;VIDEOPROYECTOR EPSON 1100;;;;
CIE;Facultad de Ciencias;10000050;VIDEOPROYECTOR SANYO 1100;Medios Audiovisuales;VIDEOPROYECTOR SANYO 1100;;;;
CIE;Facultad de Ciencias;4.02.00.0120;SALA DE GRADOS 1 (requiere VB Vic. Infraestructuras en los casos indicados en reglamento cesión espacios);Sala Multiuso;SALA DE GRADOS 1 (requiere VB Vic. Infraestructuras en los casos indicados en reglamento cesión espacios);;;;
CIE;Facultad de Ciencias;4.02.99.0170;SALA DE GRADOS 2 (requiere VB Vic. Infraestructuras en los casos indicados en reglamento cesión espacios);Sala Multiuso;SALA DE GRADOS 2 (requiere VB Vic. Infraestructuras en los casos indicados en reglamento cesión espacios);;;;
CIE;Facultad de Ciencias;4.02.00.0240;SALA DE JUNTAS PROFA. LOLA GORDILLO ;Sala Multiuso;SALA DE JUNTAS PROFA. LOLA GORDILLO ;;;;
CIE;Facultad de Ciencias;4.02.00.0351;SALA DE REUNIONES 1;Sala Multiuso;SALA DE REUNIONES 1;;;;
CIE;Facultad de Ciencias;4.02.00.0180;SALON ACTOS CAMPUS (requiere VB Vic. Infraestructuras en los casos indicados en reglamento cesión espacios);Salón de Actos;SALON ACTOS CAMPUS (requiere VB Vic. Infraestructuras en los casos indicados en reglamento cesión espacios);;;;
CIE;Facultad de Ciencias;4.02.00.1440;SALA DE REUNIONES INBIO;Sala de Trabajo;SALA DE REUNIONES INBIO;;;;
MAG;Facultad de Ciencias de la Educación;4.04.00.0170;AULA 01 PLANTA BAJA;Aula de Docencia;AULA 01 PLANTA BAJA;;;;
MAG;Facultad de Ciencias de la Educación;4.04.00.0150;AULA 02 PLANTA BAJA;Aula de Docencia;AULA 02 PLANTA BAJA;;;;
MAG;Facultad de Ciencias de la Educación;4.04.00.0056;AULA 03 PLANTA BAJA;Aula de Docencia;AULA 03 PLANTA BAJA;;;;
MAG;Facultad de Ciencias de la Educación;4.04.01.0280;AULA 11  PRIMERA PLANTA;Aula de Docencia;AULA 11  PRIMERA PLANTA;;;;
MAG;Facultad de Ciencias de la Educación;4.04.01.0290;AULA 12  PRIMERA PLANTA;Aula de Docencia;AULA 12  PRIMERA PLANTA;;;;
MAG;Facultad de Ciencias de la Educación;4.04.01.0240;AULA 13  PRIMERA PLANTA;Aula de Docencia;AULA 13  PRIMERA PLANTA;;;;
MAG;Facultad de Ciencias de la Educación;4.04.01.0300;AULA 14  PRIMERA PLANTA;Aula de Docencia;AULA 14  PRIMERA PLANTA;;;;
MAG;Facultad de Ciencias de la Educación;4.04.01.0350;AULA 15  PRIMERA PLANTA;Aula de Docencia;AULA 15  PRIMERA PLANTA;;;;
MAG;Facultad de Ciencias de la Educación;4.04.01.0360;AULA 16  PRIMERA PLANTA;Aula de Docencia;AULA 16  PRIMERA PLANTA;;;;
MAG;Facultad de Ciencias de la Educación;4.04.01.0020;AULA 17 PRIMERA PLANTA;Aula de Docencia;AULA 17 PRIMERA PLANTA;;;;
MAG;Facultad de Ciencias de la Educación;4.04.01.0030;AULA 18 (Seminario 1);Aula de Docencia;AULA 18 (Seminario 1);;;;
MAG;Facultad de Ciencias de la Educación;10000666;Aula 19 (Seminario 2);Aula de Docencia;Aula 19 (Seminario 2);;;;
MAG;Facultad de Ciencias de la Educación;4.04.02.0100;AULA 20A SEGUNDA PLANTA;Aula de Docencia;AULA 20A SEGUNDA PLANTA;;;;
MAG;Facultad de Ciencias de la Educación;4.04.02.0160;AULA 20B SEGUNDA PLANTA;Aula de Docencia;AULA 20B SEGUNDA PLANTA;;;;
MAG;Facultad de Ciencias de la Educación;4.04.02.0220;AULA 21A SEGUNDA PLANTA;Aula de Docencia;AULA 21A SEGUNDA PLANTA;;;;
MAG;Facultad de Ciencias de la Educación;4.04.02.0230;AULA 21B SEGUNDA PLANTA;Aula de Docencia;AULA 21B SEGUNDA PLANTA;;;;
MAG;Facultad de Ciencias de la Educación;4.04.02.0240;AULA 22 SEGUNDA PLANTA;Aula de Docencia;AULA 22 SEGUNDA PLANTA;;;;
MAG;Facultad de Ciencias de la Educación;4.04.02.0270;AULA 23 SEGUNDA PLANTA;Aula de Docencia;AULA 23 SEGUNDA PLANTA;;;;
MAG;Facultad de Ciencias de la Educación;4.04.02.0250;AULA 24 SEGUNDA PLANTA;Aula de Docencia;AULA 24 SEGUNDA PLANTA;;;;
MAG;Facultad de Ciencias de la Educación;4.04.02.0190;AULA 25 SEGUNDA PLANTA;Aula de Docencia;AULA 25 SEGUNDA PLANTA;;;;
MAG;Facultad de Ciencias de la Educación;4.04.02.0210;AULA 26 SEGUNDA PLANTA;Aula de Docencia;AULA 26 SEGUNDA PLANTA;;;;
MAG;Facultad de Ciencias de la Educación;4.04.02.0030;AULA 28 SEGUNDA PLANTA;Aula de Docencia;AULA 28 SEGUNDA PLANTA;;;;
MAG;Facultad de Ciencias de la Educación;4.04.02.0200;AULA 29 SEGUNDA PLANTA;Aula de Docencia;AULA 29 SEGUNDA PLANTA;;;;
MAG;Facultad de Ciencias de la Educación;10000127;AULA 30;Aula de Docencia;AULA 30;;;;
MAG;Facultad de Ciencias de la Educación;4.04.01.0050;AULA DE DINÁMICA 1 PRIMERA PLANTA;Aula de Docencia;AULA DE DINÁMICA 1 PRIMERA PLANTA;;;;
MAG;Facultad de Ciencias de la Educación;10000117;AULA DE DINÁMICA 2 PLANTA BAJA;Aula de Docencia;AULA DE DINÁMICA 2 PLANTA BAJA;;;;
MAG;Facultad de Ciencias de la Educación;4.04.01.0060;AULA DE MÚSICA 1 PRIMERA PLANTA;Aula de Docencia;AULA DE MÚSICA 1 PRIMERA PLANTA;;;;
MAG;Facultad de Ciencias de la Educación;4.04.01.0080;AULA DE MÚSICA 2 PRIMERA PLANTA;Aula de Docencia;AULA DE MÚSICA 2 PRIMERA PLANTA;;;;
MAG;Facultad de Ciencias de la Educación;4.04.01.0100;AULA DE MÚSICA 3 PRIMERA PLANTA;Aula de Docencia;AULA DE MÚSICA 3 PRIMERA PLANTA;;;;
MAG;Facultad de Ciencias de la Educación;4.04.01.0270;AULA DE MUSICA 4 PRIMERA PLANTA;Aula de Docencia;AULA DE MUSICA 4 PRIMERA PLANTA;;;;
MAG;Facultad de Ciencias de la Educación;4.04.02.0150;AULA DE PLÁSTICA 1;Aula de Docencia;AULA DE PLÁSTICA 1;;;;
MAG;Facultad de Ciencias de la Educación;4.04.02.0140;AULA DE PLÁSTICA 2;Aula de Docencia;AULA DE PLÁSTICA 2;;;;
MAG;Facultad de Ciencias de la Educación;10000738;LABORATORIO DE BIOMECÁNICA Y FISIOLOGÍA DEL EJERCICIO ;Aula de Docencia;LABORATORIO DE BIOMECÁNICA Y FISIOLOGÍA DEL EJERCICIO ;;;;
MAG;Facultad de Ciencias de la Educación;4.04.02.0040;LABORATORIO DE CIENCIAS;Aula de Docencia;LABORATORIO DE CIENCIAS;;;;
MAG;Facultad de Ciencias de la Educación;4.04.02.0260;Seminario (Grupos de investigación);Aula de Docencia;Seminario (Grupos de investigación);;;;
MAG;Facultad de Ciencias de la Educación;4.04.02.0310;Taller de Dramatización;Aula de Docencia;Taller de Dramatización;;;;
MAG;Facultad de Ciencias de la Educación;4.04.02.0320;Taller de Educación Infantil;Aula de Docencia;Taller de Educación Infantil;;;;
MAG;Facultad de Ciencias de la Educación;10000158;ALARGADERA BASE CON INTERRUPTOR 1;Medios Audiovisuales;ALARGADERA BASE CON INTERRUPTOR 1;;;;
MAG;Facultad de Ciencias de la Educación;10000155;ALARGADERA DE BOBINA 1;Medios Audiovisuales;ALARGADERA DE BOBINA 1;;;;
MAG;Facultad de Ciencias de la Educación;10000156;ALARGADERA DE BOBINA 2;Medios Audiovisuales;ALARGADERA DE BOBINA 2;;;;
MAG;Facultad de Ciencias de la Educación;10000146;RADIOCASETE;Medios Audiovisuales;RADIOCASETE;;;;
MAG;Facultad de Ciencias de la Educación;10000597;Sistema evaluación EDUCLICK;Medios Audiovisuales;Sistema evaluación EDUCLICK;;;;
MAG;Facultad de Ciencias de la Educación;10000134;TV-VIDEO 1;Medios Audiovisuales;TV-VIDEO 1;;;;
MAG;Facultad de Ciencias de la Educación;10000135;TV-VIDEO 2;Medios Audiovisuales;TV-VIDEO 2;;;;
MAG;Facultad de Ciencias de la Educación;10000136;TV-VIDEO-DVD 1;Medios Audiovisuales;TV-VIDEO-DVD 1;;;;
MAG;Facultad de Ciencias de la Educación;10000137;TV-VIDEO-DVD-2;Medios Audiovisuales;TV-VIDEO-DVD-2;;;;
MAG;Facultad de Ciencias de la Educación;10000138;TV-VIDEO-DVD-3;Medios Audiovisuales;TV-VIDEO-DVD-3;;;;
MAG;Facultad de Ciencias de la Educación;10001025;HALL ENTRADA;Patio/Hall;HALL ENTRADA;;;;
MAG;Facultad de Ciencias de la Educación;4.04.00.0450;GIMNASIO;Sala Multiuso;GIMNASIO;;;;
MAG;Facultad de Ciencias de la Educación;4.04.00.0050;"SALA DE JUNTAS ""PROF. GUTIÉRREZ PÉREZ"" ";Sala Multiuso;"SALA DE JUNTAS ""PROF. GUTIÉRREZ PÉREZ"" ";;;;
MAG;Facultad de Ciencias de la Educación;4.04.00.0160;"SALÓN DE GRADOS ""MARISOL PASCUAL"" (requiere VB Vic. Infraestructuras en los casos indicados en reglamento cesión espacios)";Sala Multiuso;"SALÓN DE GRADOS ""MARISOL PASCUAL"" (requiere VB Vic. Infraestructuras en los casos indicados en reglamento cesión espacios)";;;;
MAG;Facultad de Ciencias de la Educación;4.04.00.0060;"SALA DE CONFERENCIAS  ""ALICIA PLAZA"" (requiere VB Vic. Infraestructuras en los casos indicados en reglamento cesión espacios)";Salón de Actos;"SALA DE CONFERENCIAS  ""ALICIA PLAZA"" (requiere VB Vic. Infraestructuras en los casos indicados en reglamento cesión espacios)";;;;
MAG;Facultad de Ciencias de la Educación;10000759;Trabajo Cooperativo 1;Sala de Trabajo;Trabajo Cooperativo 1;;;;
MAG;Facultad de Ciencias de la Educación;10000760;Trabajo Cooperativo 2;Sala de Trabajo;Trabajo Cooperativo 2;;;;
MAG;Facultad de Ciencias de la Educación;10000761;Trabajo Cooperativo 3;Sala de Trabajo;Trabajo Cooperativo 3;;;;
MAG;Facultad de Ciencias de la Educación;10000762;Trabajo Cooperativo 4 (adaptada);Sala de Trabajo;Trabajo Cooperativo 4 (adaptada);;;;
MAG;Facultad de Ciencias de la Educación;10000763;Trabajo Cooperativo 5 (adaptada);Sala de Trabajo;Trabajo Cooperativo 5 (adaptada);;;;
MAG;Facultad de Ciencias de la Educación;10000764;Trabajo Cooperativo 6;Sala de Trabajo;Trabajo Cooperativo 6;;;;
MAG;Facultad de Ciencias de la Educación;10000765;Trabajo Cooperativo 7;Sala de Trabajo;Trabajo Cooperativo 7;;;;
MAG;Facultad de Ciencias de la Educación;10000766;Trabajo Cooperativo 8 (adaptada);Sala de Trabajo;Trabajo Cooperativo 8 (adaptada);;;;
LAB;Facultad de Ciencias del Trabajo;2.07.00.0140;Aula 1;Aula de Docencia;Aula 1;;;;
LAB;Facultad de Ciencias del Trabajo;2.07.01.0130;Aula 11;Aula de Docencia;Aula 11;;;;
LAB;Facultad de Ciencias del Trabajo;2.07.01.0110;Aula 12;Aula de Docencia;Aula 12;;;;
LAB;Facultad de Ciencias del Trabajo;2.07.01.0070;Aula 13;Aula de Docencia;Aula 13;;;;
LAB;Facultad de Ciencias del Trabajo;2.07.01.0080;Aula 14;Aula de Docencia;Aula 14;;;;
LAB;Facultad de Ciencias del Trabajo;2.07.01.0090;Aula 15;Aula de Docencia;Aula 15;;;;
LAB;Facultad de Ciencias del Trabajo;2.07.01.0120;Aula 2;Aula de Docencia;Aula 2;;;;
LAB;Facultad de Ciencias del Trabajo;2.07.02.0170;Aula 21;Aula de Docencia;Aula 21;;;;
LAB;Facultad de Ciencias del Trabajo;2.07.02.0150;Aula 22;Aula de Docencia;Aula 22;;;;
LAB;Facultad de Ciencias del Trabajo;2.07.01.0240;Aula de Informática 1;Aula Informatica;Aula de Informática 1;;;;
LAB;Facultad de Ciencias del Trabajo;2.07.99.0020;Aula Magna (requiere VB Vic. Infraestructuras en los casos indicados en reglamento cesión espacios);Salón de Actos;Aula Magna (requiere VB Vic. Infraestructuras en los casos indicados en reglamento cesión espacios);;;;
LAB;Facultad de Ciencias del Trabajo;2.07.00.0090;Salón de Grados (requiere VB Vic. Infraestructuras en los casos indicados en reglamento cesión espacios);Salón de Actos;Salón de Grados (requiere VB Vic. Infraestructuras en los casos indicados en reglamento cesión espacios);;;;
LAB;Facultad de Ciencias del Trabajo;2.07.00.0070;Seminario 1;Seminario;Seminario 1;;;;
LAB;Facultad de Ciencias del Trabajo;2.07.00.0080;Seminario 2;Seminario;Seminario 2;;;;
SAA;Facultad de Enfermería (Algeciras);10000663;Aula 0.1 (antes 4º);Aula de Docencia;Aula 0.1 (antes 4º);;;;
SAA;Facultad de Enfermería (Algeciras);1.01.01.0170;Aula 1.1 (antes 1º);Aula de Docencia;Aula 1.1 (antes 1º);;;;
SAA;Facultad de Enfermería (Algeciras);1.01.01.0100;Aula 1.2 (antes 2º);Aula de Docencia;Aula 1.2 (antes 2º);;;;
SAA;Facultad de Enfermería (Algeciras);1.01.00.0090;Aula 2.1 (antes 3º);Aula de Docencia;Aula 2.1 (antes 3º);;;;
SAA;Facultad de Enfermería (Algeciras);1.01.01.0180;Taller de prácticas - 1;Aula de Docencia;Taller de prácticas - 1;;;;
SAA;Facultad de Enfermería (Algeciras);1.01.02.0020;Taller de Prácticas - 2;Aula de Docencia;Taller de Prácticas - 2;;;;
SAA;Facultad de Enfermería (Algeciras);10000505;DVD SONY  06-02247;Medios Audiovisuales;DVD SONY  06-02247;;;;
SAA;Facultad de Enfermería (Algeciras);10000502;Ordenador portátil Toshiba;Medios Audiovisuales;Ordenador portátil Toshiba;;;;
SAA;Facultad de Enfermería (Algeciras);10000503;Portátil Quacom (no wifi, incompatible con cañones);Medios Audiovisuales;Portátil Quacom (no wifi, incompatible con cañones);;;;
SAA;Facultad de Enfermería (Algeciras);10000499;Videoproyector Benq (conserjería);Medios Audiovisuales;Videoproyector Benq (conserjería);;;;
SAA;Facultad de Enfermería (Algeciras);10000500;Videoproyector Canon 06-02245 (Conserjería);Medios Audiovisuales;Videoproyector Canon 06-02245 (Conserjería);;;;
SAA;Facultad de Enfermería (Algeciras);10000501;Videoproyector Canon (Tiene ruido)06-02246;Medios Audiovisuales;Videoproyector Canon (Tiene ruido)06-02246;;;;
SAA;Facultad de Enfermería (Algeciras);10000504;Video VHS SONY 06-02248;Medios Audiovisuales;Video VHS SONY 06-02248;;;;
SAA;Facultad de Enfermería (Algeciras);10000624;Hall;Patio/Hall;Hall;;;;
SAA;Facultad de Enfermería (Algeciras);1.01.00.0040;Sala de reuniones;Sala Multiuso;Sala de reuniones;;;;
SAA;Facultad de Enfermería (Algeciras);1.01.00.0130;Salón de Actos (requiere VB Vic. Infraestructuras en los casos indicados en reglamento cesión espacios);Salón de Actos;Salón de Actos (requiere VB Vic. Infraestructuras en los casos indicados en reglamento cesión espacios);;;;
SAA;Facultad de Enfermería (Algeciras);1.01.01.0190;Aula de Simulación;Sala de Trabajo;Aula de Simulación;;;;
SAC;Facultad de Enfermería y Fisioterapia (Cádiz);2.18.02.0060;Vestibulo Principal (requiere VB Vic. Infraestructuras en los casos indicados en reglamento cesión espacios);Aula de Docencia;Aula nº 21;;;;
SAC;Facultad de Enfermería y Fisioterapia (Cádiz);2.18.02.0080;Aula nº 22 ;Aula de Docencia;Aula nº 22 ;;;;
SAC;Facultad de Enfermería y Fisioterapia (Cádiz);2.18.03.0050;Aula nº 31;Aula de Docencia;Aula nº 31;;;;
SAC;Facultad de Enfermería y Fisioterapia (Cádiz);2.18.03.0060;Aula nº 32;Aula de Docencia;Aula nº 32;;;;
SAC;Facultad de Enfermería y Fisioterapia (Cádiz);2.18.03.0070;Aula nº 33;Aula de Docencia;Aula nº 33;;;;
SAC;Facultad de Enfermería y Fisioterapia (Cádiz);2.18.03.0080;Aula nº 34 ;Aula de Docencia;Aula nº 34 ;;;;
SAC;Facultad de Enfermería y Fisioterapia (Cádiz);2.18.04.0050;Aula nº 41 ;Aula de Docencia;Aula nº 41 ;;;;
SAC;Facultad de Enfermería y Fisioterapia (Cádiz);2.18.04.0060;Aula nº 42 ;Aula de Docencia;Aula nº 42 ;;;;
SAC;Facultad de Enfermería y Fisioterapia (Cádiz);2.18.05.0050;Aula nº 51 ;Aula de Docencia;Aula nº 51 ;;;;
SAC;Facultad de Enfermería y Fisioterapia (Cádiz);2.18.06.0050;Aula nº 61;Aula de Docencia;Aula nº 61;;;;
SAC;Facultad de Enfermería y Fisioterapia (Cádiz);2.18.06.0040;Aula de Informática ;Aula Informatica;Aula de Informática ;;;;
SAC;Facultad de Enfermería y Fisioterapia (Cádiz);2.18.05.0040;Laboratorio Docente ;Laboratorio / Taller;Laboratorio Docente ;;;;
SAC;Facultad de Enfermería y Fisioterapia (Cádiz);10000310;Taller de Enfermería 1;Laboratorio / Taller;Taller de Enfermería 1;;;;
SAC;Facultad de Enfermería y Fisioterapia (Cádiz);10000355;Taller de Enfermería 2;Laboratorio / Taller;Taller de Enfermería 2;;;;
SAC;Facultad de Enfermería y Fisioterapia (Cádiz);10000311;Taller de Fisioterapia 1;Laboratorio / Taller;Taller de Fisioterapia 1;;;;
SAC;Facultad de Enfermería y Fisioterapia (Cádiz);10000544;Taller de Fisioterapia 2;Laboratorio / Taller;Taller de Fisioterapia 2;;;;
SAC;Facultad de Enfermería y Fisioterapia (Cádiz);10000545;Taller de Fisioterapia 3;Laboratorio / Taller;Taller de Fisioterapia 3;;;;
SAC;Facultad de Enfermería y Fisioterapia (Cádiz);2.18.00.0040;Salón de Actos (requiere VB Vic. Infraestructuras en los casos indicados en reglamento cesión espacios);Salón de Actos;Salón de Actos (requiere VB Vic. Infraestructuras en los casos indicados en reglamento cesión espacios);;;;
SAC;Facultad de Enfermería y Fisioterapia (Cádiz);2.18.05.0060;Sala de Juntas;Sala de Trabajo;Sala de Juntas;;;;
SAC;Facultad de Enfermería y Fisioterapia (Cádiz);2.18.05.0120;Sala de Reuniones 5;Sala de Trabajo;Sala de Reuniones 5;;;;
SAC;Facultad de Enfermería y Fisioterapia (Cádiz);10000356;Sala de Prácticas de Fisioterapia;Seminario;Sala de Prácticas de Fisioterapia;;;;
SAC;Facultad de Enfermería y Fisioterapia (Cádiz);10000308;Sala de Reuniones 4;Seminario;Sala de Reuniones 4;;;;
FIL;Facultad de Filosofía y Letras;2.03.01.0360;Aula 1.1 (62);Aula de Docencia;Aula 1.1 (62);;;;
FIL;Facultad de Filosofía y Letras;2.03.01.0070;Aula 1.2 (80);Aula de Docencia;Aula 1.2 (80);;;;
FIL;Facultad de Filosofía y Letras;2.03.01.0370;Aula 1.3 (23);Aula de Docencia;Aula 1.3 (23);;;;
FIL;Facultad de Filosofía y Letras;2.03.01.0350;Aula 1.4 (24);Aula de Docencia;Aula 1.4 (24);;;;
FIL;Facultad de Filosofía y Letras;10000588;Aula 1.5 (56);Aula de Docencia;Aula 1.5 (56);;;;
FIL;Facultad de Filosofía y Letras;10000163;Aula 1.6 (60);Aula de Docencia;Aula 1.6 (60);;;;
FIL;Facultad de Filosofía y Letras;2.03.01.0020;Aula  1.7 (82);Aula de Docencia;Aula  1.7 (82);;;;
FIL;Facultad de Filosofía y Letras;2.03.01.0030;Aula  1.8 (88);Aula de Docencia;Aula  1.8 (88);;;;
FIL;Facultad de Filosofía y Letras;2.03.01.0040;Aula  1.9 (184);Aula de Docencia;Aula  1.9 (184);;;;
FIL;Facultad de Filosofía y Letras;2.03.01.0340;Aula nº 1.10 (21);Aula de Docencia;Aula nº 1.10 (21);;;;
FIL;Facultad de Filosofía y Letras;2.03.01.0100;Aula nº 1.11 (67);Aula de Docencia;Aula nº 1.11 (67);;;;
FIL;Facultad de Filosofía y Letras;2.03.01.0080;Aula nº 1.12 (60);Aula de Docencia;Aula nº 1.12 (60);;;;
FIL;Facultad de Filosofía y Letras;10000589;Aula nº 1.13 (24);Aula de Docencia;Aula nº 1.13 (24);;;;
FIL;Facultad de Filosofía y Letras;2.03.01.0180;Aula nº 1.14 (80);Aula de Docencia;Aula nº 1.14 (80);;;;
FIL;Facultad de Filosofía y Letras;2.03.01.0210;Aula nº 1.15 (63);Aula de Docencia;Aula nº 1.15 (63);;;;
FIL;Facultad de Filosofía y Letras;2.03.01.0190;Aula nº 1.16 (32);Aula de Docencia;Aula nº 1.16 (32);;;;
FIL;Facultad de Filosofía y Letras;2.03.01.0200;Aula nº 1.17 (32);Aula de Docencia;Aula nº 1.17 (32);;;;
FIL;Facultad de Filosofía y Letras;2.03.01.0220;Aula nº 1.18 (184);Aula de Docencia;Aula nº 1.18 (184);;;;
FIL;Facultad de Filosofía y Letras;2.03.01.0230;Aula nº 1.19 (18);Aula de Docencia;Aula nº 1.19 (18);;;;
FIL;Facultad de Filosofía y Letras;2.03.01.0240;Aula nº 1.20 (19);Aula de Docencia;Aula nº 1.20 (19);;;;
FIL;Facultad de Filosofía y Letras;2.03.01.0235;Aula nº 1.21 (18);Aula de Docencia;Aula nº 1.21 (18);;;;
FIL;Facultad de Filosofía y Letras;2.03.01.0245;Aula nº 1.22 (18);Aula de Docencia;Aula nº 1.22 (18);;;;
FIL;Facultad de Filosofía y Letras;2.03.01.0250;Aula nº 1.23 (184);Aula de Docencia;Aula nº 1.23 (184);;;;
FIL;Facultad de Filosofía y Letras;2.03.01.0280;Aula nº 1.24 (24);Aula de Docencia;Aula nº 1.24 (24);;;;
FIL;Facultad de Filosofía y Letras;2.03.01.0305;Aula nº 1.25 (20);Aula de Docencia;Aula nº 1.25 (20);;;;
FIL;Facultad de Filosofía y Letras;2.03.01.0290;Aula nº 1.26 (80);Aula de Docencia;Aula nº 1.26 (80);;;;
FIL;Facultad de Filosofía y Letras;2.03.01.0450;Aula nº A1.2 (44);Aula de Docencia;Aula nº A1.2 (44);;;;
FIL;Facultad de Filosofía y Letras;2.03.01.0470;Aula nº A1.3 (30);Aula de Docencia;Aula nº A1.3 (30);;;;
FIL;Facultad de Filosofía y Letras;2.03.01.0480;Aula nº A1.4 (20);Aula de Docencia;Aula nº A1.4 (20);;;;
FIL;Facultad de Filosofía y Letras;2.03.01.0490;Aula nº A1.5 (44);Aula de Docencia;Aula nº A1.5 (44);;;;
FIL;Facultad de Filosofía y Letras;2.03.01.0510;Aula nº A1.6 (46);Aula de Docencia;Aula nº A1.6 (46);;;;
FIL;Facultad de Filosofía y Letras;2.03.01.0520;Aula nº A1.7 (29);Aula de Docencia;Aula nº A1.7 (29);;;;
FIL;Facultad de Filosofía y Letras;2.03.01.0530;Aula nº A1.8 (31) (TV, Video, DVD, Equipo Hi-Fi);Aula de Docencia;Aula nº A1.8 (31) (TV, Video, DVD, Equipo Hi-Fi);;;;
FIL;Facultad de Filosofía y Letras;2.03.01.0320;Aula nº A2.1 (34);Aula de Docencia;Aula nº A2.1 (34);;;;
FIL;Facultad de Filosofía y Letras;2.03.02.0480;Aula nº A2.2 (45);Aula de Docencia;Aula nº A2.2 (45);;;;
FIL;Facultad de Filosofía y Letras;2.03.02.0490;Aula nº A2.3 (21);Aula de Docencia;Aula nº A2.3 (21);;;;
FIL;Facultad de Filosofía y Letras;10000750;Laboratorio Arqueología-Prehistoria (Sala de lavado);Aula de Docencia;Laboratorio Arqueología-Prehistoria (Sala de lavado);;;;
FIL;Facultad de Filosofía y Letras;10000755;Laboratorio Arqueología-Prehistoria (Sala de procesado);Aula de Docencia;Laboratorio Arqueología-Prehistoria (Sala de procesado);;;;
FIL;Facultad de Filosofía y Letras;10000754;Laboratorio Arqueología-Prehistoria (Seminario);Aula de Docencia;Laboratorio Arqueología-Prehistoria (Seminario);;;;
FIL;Facultad de Filosofía y Letras;10000209;Laboratorio de Idiomas 1 (17);Aula de Docencia;Laboratorio de Idiomas 1 (17);;;;
FIL;Facultad de Filosofía y Letras;10000208;Laboratorio de Idiomas 2 (28);Aula de Docencia;Laboratorio de Idiomas 2 (28);;;;
FIL;Facultad de Filosofía y Letras;2.03.02.0240;Laboratorio de Idiomas 3 (30);Aula de Docencia;Laboratorio de Idiomas 3 (30);;;;
FIL;Facultad de Filosofía y Letras;10000202;Cañón 1;Medios Audiovisuales;Cañón 1;;;;
FIL;Facultad de Filosofía y Letras;10000203;Cañón 2;Medios Audiovisuales;Cañón 2;;;;
FIL;Facultad de Filosofía y Letras;10000204;Cañón 3;Medios Audiovisuales;Cañón 3;;;;
FIL;Facultad de Filosofía y Letras;10000261;Cañón 4;Medios Audiovisuales;Cañón 4;;;;
FIL;Facultad de Filosofía y Letras;10000275;Cañón 5;Medios Audiovisuales;Cañón 5;;;;
FIL;Facultad de Filosofía y Letras;10000290;Cañón 6;Medios Audiovisuales;Cañón 6;;;;
FIL;Facultad de Filosofía y Letras;10000598;Educlick 1;Medios Audiovisuales;Educlick 1;;;;
FIL;Facultad de Filosofía y Letras;10000599;Educlick 2;Medios Audiovisuales;Educlick 2;;;;
FIL;Facultad de Filosofía y Letras;10000205;Portátil nº 1 ;Medios Audiovisuales;Portátil nº 1 ;;;;
FIL;Facultad de Filosofía y Letras;10000206;Portátil nº 2 ;Medios Audiovisuales;Portátil nº 2 ;;;;
FIL;Facultad de Filosofía y Letras;10000280;Portátil nº 3;Medios Audiovisuales;Portátil nº 3;;;;
FIL;Facultad de Filosofía y Letras;10000632;Patio/Hall de la Facultad (requiere VB Vic. Infraestructuras en los casos indicados en reglamento cesión espacios);Sala Multiuso;Patio/Hall de la Facultad (requiere VB Vic. Infraestructuras en los casos indicados en reglamento cesión espacios);;;;
FIL;Facultad de Filosofía y Letras;2.03.01.0160;Sala de Juntas 1 (30);Sala Multiuso;Sala de Juntas 1 (30);;;;
FIL;Facultad de Filosofía y Letras;10000542;Sala de Juntas 2 (20);Sala Multiuso;Sala de Juntas 2 (20);;;;
FIL;Facultad de Filosofía y Letras;10000210;Sala de Juntas 3 (20);Sala Multiuso;Sala de Juntas 3 (20);;;;
FIL;Facultad de Filosofía y Letras;2.03.02.0461;Sala de Juntas 4 (20);Sala Multiuso;Sala de Juntas 4 (20);;;;
FIL;Facultad de Filosofía y Letras;2.03.01.0130;Salón de grados (60) (requiere VB Vic. Infraestructuras en los casos indicados en reglamento cesión espacios);Salón de Actos;Salón de grados (60) (requiere VB Vic. Infraestructuras en los casos indicados en reglamento cesión espacios);;;;
MED;Facultad de Medicina;2.01.00.0160;Aula 1  (400 Plazas) -Planta Baja Sur;Aula de Docencia;Aula 1  (400 Plazas) -Planta Baja Sur;;;;
MED;Facultad de Medicina;2.01.01.0240;Aula 2 (212 Plazas) -Planta Primera Norte ;Aula de Docencia;Aula 2 (212 Plazas) -Planta Primera Norte ;;;;
MED;Facultad de Medicina;2.01.01.0130;Aula  3 (169 Plazas) - Planta Primera Sur;Aula de Docencia;Aula  3 (169 Plazas) - Planta Primera Sur;;;;
MED;Facultad de Medicina;2.01.02.0180;Aula 4  (398 plazas) (Medios audiovisuales)- Planta Segunda Norte;Aula de Docencia;Aula 4  (398 plazas) (Medios audiovisuales)- Planta Segunda Norte;;;;
MED;Facultad de Medicina;2.01.02.0020;Aula 5 (402 Plazas) (Medios audiovisuales) -Planta Segunda Sur;Aula de Docencia;Aula 5 (402 Plazas) (Medios audiovisuales) -Planta Segunda Sur;;;;
MED;Facultad de Medicina;10000667;Aula de Radiomorfología- Planta Segunda Norte ;Aula de Docencia;Aula de Radiomorfología- Planta Segunda Norte ;;;;
MED;Facultad de Medicina;10000704;HOSPITAL PUERTO REAL  - Aula 1 (90 plazas);Aula de Docencia;HOSPITAL PUERTO REAL  - Aula 1 (90 plazas);;;;
MED;Facultad de Medicina;10000705;HOSPITAL PUERTO REAL  - Aula 2 (90 plazas);Aula de Docencia;HOSPITAL PUERTO REAL  - Aula 2 (90 plazas);;;;
MED;Facultad de Medicina;10000706;HOSPITAL PUERTO REAL  - Seminario (25 plazas);Aula de Docencia;HOSPITAL PUERTO REAL  - Seminario (25 plazas);;;;
MED;Facultad de Medicina;10000733;Sala  Microscopia - Planta Segunda  Sur;Aula de Docencia;Sala  Microscopia - Planta Segunda  Sur;;;;
MED;Facultad de Medicina;10000732;Seminario 10- Planta Primera Norte (antiguo Seminario 5);Aula de Docencia;Seminario 10- Planta Primera Norte (antiguo Seminario 5);;;;
MED;Facultad de Medicina;2.01.02.0220;Seminario 14-  Planta Segunda  Norte (antiguo Seminario 2);Aula de Docencia;Seminario 14-  Planta Segunda  Norte (antiguo Seminario 2);;;;
MED;Facultad de Medicina;10000734;Seminario  16 - Planta Tercera Norte (área Farmacología);Aula de Docencia;Seminario  16 - Planta Tercera Norte (área Farmacología);;;;
MED;Facultad de Medicina;10000739;Seminario 18 - Planta Cuarta Norte (área  Historia Medicina);Aula de Docencia;Seminario 18 - Planta Cuarta Norte (área  Historia Medicina);;;;
MED;Facultad de Medicina;10000548;Seminario 1- Planta Primera Sur;Aula de Docencia;Seminario 1- Planta Primera Sur;;;;
MED;Facultad de Medicina;10000747;Seminario 2- Planta Baja Norte (Antiguo Seminario 0);Aula de Docencia;Seminario 2- Planta Baja Norte (Antiguo Seminario 0);;;;
MED;Facultad de Medicina;10000550;Seminario 3 - Planta Tercera Sur;Aula de Docencia;Seminario 3 - Planta Tercera Sur;;;;
MED;Facultad de Medicina;10000551;Seminario 5- Planta Cuarta Sur (Antiguo Seminario 4);Aula de Docencia;Seminario 5- Planta Cuarta Sur (Antiguo Seminario 4);;;;
MED;Facultad de Medicina;10001030;Seminario 6- Planta Baja Norte (Antiguo Seminario 7);Aula de Docencia;Seminario 6- Planta Baja Norte (Antiguo Seminario 7);;;;
MED;Facultad de Medicina;10001029;Seminario 8 Planta Baja Norte (Antiguo Seminario 6);Aula de Docencia;Seminario 8 Planta Baja Norte (Antiguo Seminario 6);;;;
MED;Facultad de Medicina;10000770;Seminario Medicina Preventiva- Planta Cuarta Norte;Aula de Docencia;Seminario Medicina Preventiva- Planta Cuarta Norte;;;;
MED;Facultad de Medicina;10000541;Taller Habilidades- Planta Baja Norte;Aula de Docencia;Taller Habilidades- Planta Baja Norte;;;;
MED;Facultad de Medicina;2.01.00.0385;Aula de Informática 1- Planta Baja Norte  (27 plazas);Aula Informatica;Aula de Informática 1- Planta Baja Norte  (27 plazas);;;;
MED;Facultad de Medicina;2.01.02.0190;Aula de Informática 2 (22 Plazas) - Planta Segunda Norte;Aula Informatica;Aula de Informática 2 (22 Plazas) - Planta Segunda Norte;;;;
MED;Facultad de Medicina;10000709;HOSPITAL PUERTO REAL - Aula Informática (25 plazas);Aula Informatica;HOSPITAL PUERTO REAL - Aula Informática (25 plazas);;;;
MED;Facultad de Medicina;2.01.00.0050;Sala de Juntas - Planta Baja Sur;Sala Multiuso;Sala de Juntas - Planta Baja Sur;;;;
MED;Facultad de Medicina;2.01.00.0140;Sala de Reuniones -Planta Baja Sur;Sala Multiuso;Sala de Reuniones -Planta Baja Sur;;;;
MED;Facultad de Medicina;2.01.00.0220;Salón de Grados  (180 Plazas) (requiere VB Vic. Infraestructuras en los casos indicados en reglamento cesión espacios);Salón de Actos;Salón de Grados  (180 Plazas) (requiere VB Vic. Infraestructuras en los casos indicados en reglamento cesión espacios);;;;
MED;Facultad de Medicina;10000708;HOSPITAL PUERTO REAL  - Sala de Estudios (40 plazas);Sala de Trabajo;HOSPITAL PUERTO REAL  - Sala de Estudios (40 plazas);;;;
MED;Facultad de Medicina;10001069;Sala Profesores (Planta baja sur);Sala de Trabajo;Sala Profesores (Planta baja sur);;;;
ICS;Institutos de Investigación INDESS - IVAGRO del Campus de la Asunción en Jerez;10001058;Laboratorio 1.1. TIC y Seguridad;Laboratorio / Taller;Laboratorio 1.1. TIC y Seguridad;;;;
ICS;Institutos de Investigación INDESS - IVAGRO del Campus de la Asunción en Jerez;10001084;Laboratorio 1.4. Bienestar Social A. (Sala Grande) ;Laboratorio / Taller;Laboratorio 1.4. Bienestar Social A. (Sala Grande) ;;;;
ICS;Institutos de Investigación INDESS - IVAGRO del Campus de la Asunción en Jerez;10001085;Laboratorio 1.4. Bienestar Social B. (Sala Pequeña) ;Laboratorio / Taller;Laboratorio 1.4. Bienestar Social B. (Sala Pequeña) ;;;;
ICS;Institutos de Investigación INDESS - IVAGRO del Campus de la Asunción en Jerez;10001062;Sala 0.7. Videoconferencia y formación;Sala Multiuso;Sala 0.7. Videoconferencia y formación;;;;
ICS;Institutos de Investigación INDESS - IVAGRO del Campus de la Asunción en Jerez;10001052;Salón de Actos (requiere VB Vic. Infraestructuras en los casos indicados en reglamento cesión espacios);Salón de Actos;Salón de Actos (requiere VB Vic. Infraestructuras en los casos indicados en reglamento cesión espacios);;;;
ICS;Institutos de Investigación INDESS - IVAGRO del Campus de la Asunción en Jerez;10001061;Sala 0.6. Sala de trabajo;Sala de Trabajo;Sala 0.6. Sala de trabajo;;;;
ICS;Institutos de Investigación INDESS - IVAGRO del Campus de la Asunción en Jerez;10001063;Sala 1.1. Sala de reuniones;Sala de Trabajo;Sala 1.1. Sala de reuniones;;;;
INI;Institutos de Investigación - INMAR e IVAGRO;4.08.01.0290;SALA DE CATAS;Sala Multiuso;SALA DE CATAS;;;;
INI;Institutos de Investigación - INMAR e IVAGRO;4.08.00.0321;SALA DE JUNTAS (PLANTA BAJA);Sala Multiuso;SALA DE JUNTAS (PLANTA BAJA);;;;
INI;Institutos de Investigación - INMAR e IVAGRO;4.08.01.0040;SALA DE USOS MULTIPLES (MASTERS) 1ª planta;Sala Multiuso;SALA DE USOS MULTIPLES (MASTERS) 1ª planta;;;;
INI;Institutos de Investigación - INMAR e IVAGRO;4.08.00.0330;SEMINARIO CACYTMAR;Seminario;SEMINARIO CACYTMAR;;;;
LBM;LABIMAR - Castillo San Sebastián;10000996;Sala de divulgación y exposiciones;Aula de Docencia;Sala de divulgación y exposiciones;;;;
LBM;LABIMAR - Castillo San Sebastián;10000995;Sala de investigación y docencia;Aula de Docencia;Sala de investigación y docencia;;;;
REC;Rectorado Ancha 10;2.15.04.0021;Sala Reuniones Gerencia;Sala Multiuso;Sala Reuniones Gerencia;;;;
RE2;Rectorado Ancha 16;10000727;Planta baja;Sala Multiuso;Planta baja;;;;
RE2;Rectorado Ancha 16;2.09.02.0010;Sala de Juntas;Sala Multiuso;Sala de Juntas;;;;
RE2;Rectorado Ancha 16;2.09.00.0070;Salón de Actos (requiere VB Vic. Infraestructuras en los casos indicados en reglamento cesión espacios);Salón de Actos;Salón de Actos (requiere VB Vic. Infraestructuras en los casos indicados en reglamento cesión espacios);;;;
